TimeCreated,EventID,Computer,Channel,EventRecordID,Level,Provider,SubjectUserName,SubjectDomainName,LogonID,NewProcessName,CommandLine,Privileges,LogonType,WorkstationName,Message
,5158,,Security,,,,,,,,,,,,"The Windows Filtering Platform has permitted a bind to a local port.

Application Information:
	Process ID:		1648
	Application Name:	\device\harddiskvolume2\windows\system32\windowspowershell\v1.0\powershell.exe

Network Information:
	Source Address:		0.0.0.0
	Source Port:		65372
	Protocol:		6

Filter Information:
	Filter Run-Time ID:	0
	Layer Name:		Resource Assignment
	Layer Run-Time ID:	36"
,4672,,Security,,,,MORDORDC$,THESHIRE,0x2B703CF,,,"SeSecurityPrivilege, SeBackupPrivilege, SeRestorePrivilege, SeTakeOwnershipPrivilege, SeDebugPrivilege, SeSystemEnvironmentPrivilege, SeLoadDriverPrivilege, SeImpersonatePrivilege, SeDelegateSessionUserImpersonatePrivilege, SeEnableDelegationPrivilege",,,"Special privileges assigned to new logon.

Subject:
	Security ID:		S-1-5-18
	Account Name:		MORDORDC$
	Account Domain:		THESHIRE
	Logon ID:		0x2B703CF

Privileges:		SeSecurityPrivilege
			SeBackupPrivilege
			SeRestorePrivilege
			SeTakeOwnershipPrivilege
			SeDebugPrivilege
			SeSystemEnvironmentPrivilege
			SeLoadDriverPrivilege
			SeImpersonatePrivilege
			SeDelegateSessionUserImpersonatePrivilege
			SeEnableDelegationPrivilege"
,4624,,Security,,,,-,-,0x0,,,,3,-,"An account was successfully logged on.

Subject:
	Security ID:		S-1-0-0
	Account Name:		-
	Account Domain:		-
	Logon ID:		0x0

Logon Information:
	Logon Type:		3
	Restricted Admin Mode:	-
	Virtual Account:		No
	Elevated Token:		Yes

Impersonation Level:		Impersonation

New Logon:
	Security ID:		S-1-5-18
	Account Name:		MORDORDC$
	Account Domain:		THESHIRE.LOCAL
	Logon ID:		0x2B703CF
	Linked Logon ID:		0x0
	Network Account Name:	-
	Network Account Domain:	-
	Logon GUID:		{b11b2054-2976-9513-aba5-ec34450ba878}

Process Information:
	Process ID:		0x0
	Process Name:		-

Network Information:
	Workstation Name:	-
	Source Network Address:	fe80::3816:b2ee:1b9b:324b
	Source Port:		54224

Detailed Authentication Information:
	Logon Process:		Kerberos
	Authentication Package:	Kerberos
	Transited Services:	-
	Package Name (NTLM only):	-
	Key Length:		0

This event is generated when a logon session is created. It is generated on the computer that was accessed.

The subject fields indicate the account on the local system which requested the logon. This is most commonly a service such as the Server service, or a local process such as Winlogon.exe or Services.exe.

The logon type field indicates the kind of logon that occurred. The most common types are 2 (interactive) and 3 (network).

The New Logon fields indicate the account for whom the new logon was created, i.e. the account that was logged on.

The network fields indicate where a remote logon request originated. Workstation name is not always available and may be left blank in some cases.

The impersonation level field indicates the extent to which a process in the logon session can impersonate.

The authentication information fields provide detailed information about this specific logon request.
	- Logon GUID is a unique identifier that can be used to correlate this event with a KDC event.
	- Transited services indicate which intermediate services have participated in this logon request.
	- Package name indicates which sub-protocol was used among the NTLM protocols.
	- Key length indicates the length of the generated session key. This will be 0 if no session key was requested."
,4627,,Security,,,,-,-,0x0,,,,,,"Group membership information.

Subject:
	Security ID:		S-1-0-0
	Account Name:		-
	Account Domain:		-
	Logon ID:		0x0

Logon Type:			3

New Logon:
	Security ID:		S-1-5-18
	Account Name:		MORDORDC$
	Account Domain:		THESHIRE.LOCAL
	Logon ID:		0x2B703CF

Event in sequence:		1 of 1

Group Membership:			
		%{S-1-5-32-544}
		%{S-1-1-0}
		%{S-1-5-32-554}
		%{S-1-5-32-545}
		%{S-1-5-32-555}
		%{S-1-5-32-560}
		%{S-1-5-2}
		%{S-1-5-11}
		%{S-1-5-15}
		%{S-1-5-21-1363495622-3806888128-621328882-1000}
		%{S-1-5-21-1363495622-3806888128-621328882-516}
		%{S-1-5-9}
		%{S-1-18-1}
		%{S-1-5-21-1363495622-3806888128-621328882-572}
		%{S-1-16-16384}

The subject fields indicate the account on the local system which requested the logon. This is most commonly a service such as the Server service, or a local process such as Winlogon.exe or Services.exe.

The logon type field indicates the kind of logon that occurred. The most common types are 2 (interactive) and 3 (network).

The New Logon fields indicate the account for whom the new logon was created, i.e. the account that was logged on.

This event is generated when the Audit Group Membership subcategory is configured.  The Logon ID field can be used to correlate this event with the corresponding user logon event as well as to any other security audit events generated during this logon session."
,4634,,Security,,,,MORDORDC$,THESHIRE,0x2B703CF,,,,,,"An account was logged off.

Subject:
	Security ID:		S-1-5-18
	Account Name:		MORDORDC$
	Account Domain:		THESHIRE
	Logon ID:		0x2B703CF

Logon Type:			3

This event is generated when a logon session is destroyed. It may be positively correlated with a logon event using the Logon ID value. Logon IDs are only unique between reboots on the same computer."
,4689,,Security,,,,WORKSTATION5$,THESHIRE,0x3E7,,,,,,"A process has exited.

Subject:
	Security ID:		S-1-5-18
	Account Name:		WORKSTATION5$
	Account Domain:		THESHIRE
	Logon ID:		0x3E7

Process Information:
	Process ID:	0xd4
	Process Name:	C:\Windows\System32\svchost.exe
	Exit Status:	0x0"
,5158,,Security,,,,,,,,,,,,"The Windows Filtering Platform has permitted a bind to a local port.

Application Information:
	Process ID:		1648
	Application Name:	\device\harddiskvolume2\windows\system32\windowspowershell\v1.0\powershell.exe

Network Information:
	Source Address:		0.0.0.0
	Source Port:		65405
	Protocol:		6

Filter Information:
	Filter Run-Time ID:	0
	Layer Name:		Resource Assignment
	Layer Run-Time ID:	36"
,5156,,Security,,,,,,,,,,,,"The Windows Filtering Platform has permitted a connection.

Application Information:
	Process ID:		1648
	Application Name:	\device\harddiskvolume2\windows\system32\windowspowershell\v1.0\powershell.exe

Network Information:
	Direction:		Outbound
	Source Address:		172.18.39.5
	Source Port:		65405
	Destination Address:	10.10.10.5
	Destination Port:		80
	Protocol:		6

Filter Information:
	Filter Run-Time ID:	69420
	Layer Name:		Connect
	Layer Run-Time ID:	48"
,5156,,Security,,,,,,,,,,,,"The Windows Filtering Platform has permitted a connection.

Application Information:
	Process ID:		3472
	Application Name:	\device\harddiskvolume2\packages\plugins\microsoft.azure.networkwatcher.networkwatcheragentwindows\1.4.1587.1\networkwatcheragent\networkwatcheragent.exe

Network Information:
	Direction:		Outbound
	Source Address:		172.18.39.5
	Source Port:		52810
	Destination Address:	169.254.169.254
	Destination Port:		80
	Protocol:		6

Filter Information:
	Filter Run-Time ID:	69424
	Layer Name:		Connect
	Layer Run-Time ID:	48"
,5156,,Security,,,,,,,,,,,,"The Windows Filtering Platform has permitted a connection.

Application Information:
	Process ID:		3472
	Application Name:	\device\harddiskvolume2\packages\plugins\microsoft.azure.networkwatcher.networkwatcheragentwindows\1.4.1587.1\networkwatcheragent\networkwatcheragent.exe

Network Information:
	Direction:		Outbound
	Source Address:		172.18.39.5
	Source Port:		52810
	Destination Address:	169.254.169.254
	Destination Port:		80
	Protocol:		6

Filter Information:
	Filter Run-Time ID:	69424
	Layer Name:		Connect
	Layer Run-Time ID:	48"
,4689,,Security,,,,WORKSTATION5$,THESHIRE,0x3E4,,,,,,"A process has exited.

Subject:
	Security ID:		S-1-5-20
	Account Name:		WORKSTATION5$
	Account Domain:		THESHIRE
	Logon ID:		0x3E4

Process Information:
	Process ID:	0x578
	Process Name:	C:\Windows\System32\wbem\WmiPrvSE.exe
	Exit Status:	0x0"
,5156,,Security,,,,,,,,,,,,"The Windows Filtering Platform has permitted a connection.

Application Information:
	Process ID:		3548
	Application Name:	\device\harddiskvolume2\packages\plugins\microsoft.azure.networkwatcher.networkwatcheragentwindows\1.4.1587.1\networkwatcheragent\networkwatcheragent.exe

Network Information:
	Direction:		Outbound
	Source Address:		172.18.39.6
	Source Port:		50110
	Destination Address:	169.254.169.254
	Destination Port:		80
	Protocol:		6

Filter Information:
	Filter Run-Time ID:	69426
	Layer Name:		Connect
	Layer Run-Time ID:	48"
,5156,,Security,,,,,,,,,,,,"The Windows Filtering Platform has permitted a connection.

Application Information:
	Process ID:		3548
	Application Name:	\device\harddiskvolume2\packages\plugins\microsoft.azure.networkwatcher.networkwatcheragentwindows\1.4.1587.1\networkwatcheragent\networkwatcheragent.exe

Network Information:
	Direction:		Outbound
	Source Address:		172.18.39.6
	Source Port:		50110
	Destination Address:	169.254.169.254
	Destination Port:		80
	Protocol:		6

Filter Information:
	Filter Run-Time ID:	69426
	Layer Name:		Connect
	Layer Run-Time ID:	48"
,5158,,Security,,,,,,,,,,,,"The Windows Filtering Platform has permitted a bind to a local port.

Application Information:
	Process ID:		1648
	Application Name:	\device\harddiskvolume2\windows\system32\windowspowershell\v1.0\powershell.exe

Network Information:
	Source Address:		0.0.0.0
	Source Port:		65406
	Protocol:		6

Filter Information:
	Filter Run-Time ID:	0
	Layer Name:		Resource Assignment
	Layer Run-Time ID:	36"
,5156,,Security,,,,,,,,,,,,"The Windows Filtering Platform has permitted a connection.

Application Information:
	Process ID:		1648
	Application Name:	\device\harddiskvolume2\windows\system32\windowspowershell\v1.0\powershell.exe

Network Information:
	Direction:		Outbound
	Source Address:		172.18.39.5
	Source Port:		65406
	Destination Address:	10.10.10.5
	Destination Port:		80
	Protocol:		6

Filter Information:
	Filter Run-Time ID:	69420
	Layer Name:		Connect
	Layer Run-Time ID:	48"
,5158,,Security,,,,,,,,,,,,"The Windows Filtering Platform has permitted a bind to a local port.

Application Information:
	Process ID:		1648
	Application Name:	\device\harddiskvolume2\windows\system32\windowspowershell\v1.0\powershell.exe

Network Information:
	Source Address:		0.0.0.0
	Source Port:		65407
	Protocol:		6

Filter Information:
	Filter Run-Time ID:	0
	Layer Name:		Resource Assignment
	Layer Run-Time ID:	36"
,5156,,Security,,,,,,,,,,,,"The Windows Filtering Platform has permitted a connection.

Application Information:
	Process ID:		1648
	Application Name:	\device\harddiskvolume2\windows\system32\windowspowershell\v1.0\powershell.exe

Network Information:
	Direction:		Outbound
	Source Address:		172.18.39.5
	Source Port:		65407
	Destination Address:	10.10.10.5
	Destination Port:		80
	Protocol:		6

Filter Information:
	Filter Run-Time ID:	69420
	Layer Name:		Connect
	Layer Run-Time ID:	48"
,5156,,Security,,,,,,,,,,,,"The Windows Filtering Platform has permitted a connection.

Application Information:
	Process ID:		3472
	Application Name:	\device\harddiskvolume2\packages\plugins\microsoft.azure.networkwatcher.networkwatcheragentwindows\1.4.1587.1\networkwatcheragent\networkwatcheragent.exe

Network Information:
	Direction:		Outbound
	Source Address:		172.18.39.5
	Source Port:		52810
	Destination Address:	169.254.169.254
	Destination Port:		80
	Protocol:		6

Filter Information:
	Filter Run-Time ID:	69424
	Layer Name:		Connect
	Layer Run-Time ID:	48"
,5156,,Security,,,,,,,,,,,,"The Windows Filtering Platform has permitted a connection.

Application Information:
	Process ID:		704
	Application Name:	\device\harddiskvolume2\windows\system32\lsass.exe

Network Information:
	Direction:		Inbound
	Source Address:		fe80::3816:b2ee:1b9b:324b
	Source Port:		54224
	Destination Address:	fe80::3816:b2ee:1b9b:324b
	Destination Port:		389
	Protocol:		6

Filter Information:
	Filter Run-Time ID:	65851
	Layer Name:		Receive/Accept
	Layer Run-Time ID:	46"
,5156,,Security,,,,,,,,,,,,"The Windows Filtering Platform has permitted a connection.

Application Information:
	Process ID:		3596
	Application Name:	\device\harddiskvolume2\windows\system32\dfsrs.exe

Network Information:
	Direction:		Outbound
	Source Address:		fe80::3816:b2ee:1b9b:324b
	Source Port:		54224
	Destination Address:	fe80::3816:b2ee:1b9b:324b
	Destination Port:		389
	Protocol:		6

Filter Information:
	Filter Run-Time ID:	65853
	Layer Name:		Connect
	Layer Run-Time ID:	50"
,5158,,Security,,,,,,,,,,,,"The Windows Filtering Platform has permitted a bind to a local port.

Application Information:
	Process ID:		3596
	Application Name:	\device\harddiskvolume2\windows\system32\dfsrs.exe

Network Information:
	Source Address:		::
	Source Port:		54224
	Protocol:		6

Filter Information:
	Filter Run-Time ID:	0
	Layer Name:		Resource Assignment
	Layer Run-Time ID:	38"
,4634,,Security,,,,MORDORDC$,THESHIRE,0x2B7035E,,,,,,"An account was logged off.

Subject:
	Security ID:		S-1-5-18
	Account Name:		MORDORDC$
	Account Domain:		THESHIRE
	Logon ID:		0x2B7035E

Logon Type:			3

This event is generated when a logon session is destroyed. It may be positively correlated with a logon event using the Logon ID value. Logon IDs are only unique between reboots on the same computer."
,5156,,Security,,,,,,,,,,,,"The Windows Filtering Platform has permitted a connection.

Application Information:
	Process ID:		1648
	Application Name:	\device\harddiskvolume2\windows\system32\windowspowershell\v1.0\powershell.exe

Network Information:
	Direction:		Outbound
	Source Address:		172.18.39.5
	Source Port:		65403
	Destination Address:	10.10.10.5
	Destination Port:		80
	Protocol:		6

Filter Information:
	Filter Run-Time ID:	69420
	Layer Name:		Connect
	Layer Run-Time ID:	48"
,5156,,Security,,,,,,,,,,,,"The Windows Filtering Platform has permitted a connection.

Application Information:
	Process ID:		3472
	Application Name:	\device\harddiskvolume2\packages\plugins\microsoft.azure.networkwatcher.networkwatcheragentwindows\1.4.1587.1\networkwatcheragent\networkwatcheragent.exe

Network Information:
	Direction:		Outbound
	Source Address:		172.18.39.5
	Source Port:		52810
	Destination Address:	169.254.169.254
	Destination Port:		80
	Protocol:		6

Filter Information:
	Filter Run-Time ID:	69424
	Layer Name:		Connect
	Layer Run-Time ID:	48"
,5156,,Security,,,,,,,,,,,,"The Windows Filtering Platform has permitted a connection.

Application Information:
	Process ID:		3472
	Application Name:	\device\harddiskvolume2\packages\plugins\microsoft.azure.networkwatcher.networkwatcheragentwindows\1.4.1587.1\networkwatcheragent\networkwatcheragent.exe

Network Information:
	Direction:		Outbound
	Source Address:		172.18.39.5
	Source Port:		52810
	Destination Address:	169.254.169.254
	Destination Port:		80
	Protocol:		6

Filter Information:
	Filter Run-Time ID:	69424
	Layer Name:		Connect
	Layer Run-Time ID:	48"
,5156,,Security,,,,,,,,,,,,"The Windows Filtering Platform has permitted a connection.

Application Information:
	Process ID:		3548
	Application Name:	\device\harddiskvolume2\packages\plugins\microsoft.azure.networkwatcher.networkwatcheragentwindows\1.4.1587.1\networkwatcheragent\networkwatcheragent.exe

Network Information:
	Direction:		Outbound
	Source Address:		172.18.39.6
	Source Port:		50110
	Destination Address:	169.254.169.254
	Destination Port:		80
	Protocol:		6

Filter Information:
	Filter Run-Time ID:	69426
	Layer Name:		Connect
	Layer Run-Time ID:	48"
,5156,,Security,,,,,,,,,,,,"The Windows Filtering Platform has permitted a connection.

Application Information:
	Process ID:		3548
	Application Name:	\device\harddiskvolume2\packages\plugins\microsoft.azure.networkwatcher.networkwatcheragentwindows\1.4.1587.1\networkwatcheragent\networkwatcheragent.exe

Network Information:
	Direction:		Outbound
	Source Address:		172.18.39.6
	Source Port:		50110
	Destination Address:	169.254.169.254
	Destination Port:		80
	Protocol:		6

Filter Information:
	Filter Run-Time ID:	69426
	Layer Name:		Connect
	Layer Run-Time ID:	48"
,5158,,Security,,,,,,,,,,,,"The Windows Filtering Platform has permitted a bind to a local port.

Application Information:
	Process ID:		1648
	Application Name:	\device\harddiskvolume2\windows\system32\windowspowershell\v1.0\powershell.exe

Network Information:
	Source Address:		0.0.0.0
	Source Port:		65404
	Protocol:		6

Filter Information:
	Filter Run-Time ID:	0
	Layer Name:		Resource Assignment
	Layer Run-Time ID:	36"
,5156,,Security,,,,,,,,,,,,"The Windows Filtering Platform has permitted a connection.

Application Information:
	Process ID:		1648
	Application Name:	\device\harddiskvolume2\windows\system32\windowspowershell\v1.0\powershell.exe

Network Information:
	Direction:		Outbound
	Source Address:		172.18.39.5
	Source Port:		65404
	Destination Address:	10.10.10.5
	Destination Port:		80
	Protocol:		6

Filter Information:
	Filter Run-Time ID:	69420
	Layer Name:		Connect
	Layer Run-Time ID:	48"
,4673,,Security,,,,LOCAL SERVICE,NT AUTHORITY,0x3E5,,,SeIncreaseBasePriorityPrivilege,,,"A privileged service was called.

Subject:
	Security ID:		S-1-5-19
	Account Name:		LOCAL SERVICE
	Account Domain:		NT AUTHORITY
	Logon ID:		0x3E5

Service:
	Server:	Security
	Service Name:	-

Process:
	Process ID:	0x9dc
	Process Name:	C:\Windows\System32\audiodg.exe

Service Request Information:
	Privileges:		SeIncreaseBasePriorityPrivilege"
,5156,,Security,,,,,,,,,,,,"The Windows Filtering Platform has permitted a connection.

Application Information:
	Process ID:		3472
	Application Name:	\device\harddiskvolume2\packages\plugins\microsoft.azure.networkwatcher.networkwatcheragentwindows\1.4.1587.1\networkwatcheragent\networkwatcheragent.exe

Network Information:
	Direction:		Outbound
	Source Address:		172.18.39.5
	Source Port:		52810
	Destination Address:	169.254.169.254
	Destination Port:		80
	Protocol:		6

Filter Information:
	Filter Run-Time ID:	69424
	Layer Name:		Connect
	Layer Run-Time ID:	48"
,4689,,Security,,,,LOCAL SERVICE,NT AUTHORITY,0x3E5,,,,,,"A process has exited.

Subject:
	Security ID:		S-1-5-19
	Account Name:		LOCAL SERVICE
	Account Domain:		NT AUTHORITY
	Logon ID:		0x3E5

Process Information:
	Process ID:	0x9dc
	Process Name:	C:\Windows\System32\audiodg.exe
	Exit Status:	0x0"
,5156,,Security,,,,,,,,,,,,"The Windows Filtering Platform has permitted a connection.

Application Information:
	Process ID:		3596
	Application Name:	\device\harddiskvolume2\windows\system32\dfsrs.exe

Network Information:
	Direction:		Outbound
	Source Address:		fe80::3816:b2ee:1b9b:324b
	Source Port:		54222
	Destination Address:	fe80::3816:b2ee:1b9b:324b
	Destination Port:		135
	Protocol:		6

Filter Information:
	Filter Run-Time ID:	65853
	Layer Name:		Connect
	Layer Run-Time ID:	50"
,5156,,Security,,,,,,,,,,,,"The Windows Filtering Platform has permitted a connection.

Application Information:
	Process ID:		976
	Application Name:	\device\harddiskvolume2\windows\system32\svchost.exe

Network Information:
	Direction:		Inbound
	Source Address:		fe80::3816:b2ee:1b9b:324b
	Source Port:		54222
	Destination Address:	fe80::3816:b2ee:1b9b:324b
	Destination Port:		135
	Protocol:		6

Filter Information:
	Filter Run-Time ID:	65851
	Layer Name:		Receive/Accept
	Layer Run-Time ID:	46"
,5158,,Security,,,,,,,,,,,,"The Windows Filtering Platform has permitted a bind to a local port.

Application Information:
	Process ID:		3596
	Application Name:	\device\harddiskvolume2\windows\system32\dfsrs.exe

Network Information:
	Source Address:		::
	Source Port:		54223
	Protocol:		6

Filter Information:
	Filter Run-Time ID:	0
	Layer Name:		Resource Assignment
	Layer Run-Time ID:	38"
,5156,,Security,,,,,,,,,,,,"The Windows Filtering Platform has permitted a connection.

Application Information:
	Process ID:		3596
	Application Name:	\device\harddiskvolume2\windows\system32\dfsrs.exe

Network Information:
	Direction:		Outbound
	Source Address:		fe80::3816:b2ee:1b9b:324b
	Source Port:		54223
	Destination Address:	fe80::3816:b2ee:1b9b:324b
	Destination Port:		389
	Protocol:		6

Filter Information:
	Filter Run-Time ID:	65853
	Layer Name:		Connect
	Layer Run-Time ID:	50"
,5156,,Security,,,,,,,,,,,,"The Windows Filtering Platform has permitted a connection.

Application Information:
	Process ID:		704
	Application Name:	\device\harddiskvolume2\windows\system32\lsass.exe

Network Information:
	Direction:		Inbound
	Source Address:		fe80::3816:b2ee:1b9b:324b
	Source Port:		54223
	Destination Address:	fe80::3816:b2ee:1b9b:324b
	Destination Port:		389
	Protocol:		6

Filter Information:
	Filter Run-Time ID:	65851
	Layer Name:		Receive/Accept
	Layer Run-Time ID:	46"
,4672,,Security,,,,MORDORDC$,THESHIRE,0x2B7035E,,,"SeSecurityPrivilege, SeBackupPrivilege, SeRestorePrivilege, SeTakeOwnershipPrivilege, SeDebugPrivilege, SeSystemEnvironmentPrivilege, SeLoadDriverPrivilege, SeImpersonatePrivilege, SeDelegateSessionUserImpersonatePrivilege, SeEnableDelegationPrivilege",,,"Special privileges assigned to new logon.

Subject:
	Security ID:		S-1-5-18
	Account Name:		MORDORDC$
	Account Domain:		THESHIRE
	Logon ID:		0x2B7035E

Privileges:		SeSecurityPrivilege
			SeBackupPrivilege
			SeRestorePrivilege
			SeTakeOwnershipPrivilege
			SeDebugPrivilege
			SeSystemEnvironmentPrivilege
			SeLoadDriverPrivilege
			SeImpersonatePrivilege
			SeDelegateSessionUserImpersonatePrivilege
			SeEnableDelegationPrivilege"
,4624,,Security,,,,-,-,0x0,,,,3,-,"An account was successfully logged on.

Subject:
	Security ID:		S-1-0-0
	Account Name:		-
	Account Domain:		-
	Logon ID:		0x0

Logon Information:
	Logon Type:		3
	Restricted Admin Mode:	-
	Virtual Account:		No
	Elevated Token:		Yes

Impersonation Level:		Impersonation

New Logon:
	Security ID:		S-1-5-18
	Account Name:		MORDORDC$
	Account Domain:		THESHIRE.LOCAL
	Logon ID:		0x2B7035E
	Linked Logon ID:		0x0
	Network Account Name:	-
	Network Account Domain:	-
	Logon GUID:		{b11b2054-2976-9513-aba5-ec34450ba878}

Process Information:
	Process ID:		0x0
	Process Name:		-

Network Information:
	Workstation Name:	-
	Source Network Address:	fe80::3816:b2ee:1b9b:324b
	Source Port:		54223

Detailed Authentication Information:
	Logon Process:		Kerberos
	Authentication Package:	Kerberos
	Transited Services:	-
	Package Name (NTLM only):	-
	Key Length:		0

This event is generated when a logon session is created. It is generated on the computer that was accessed.

The subject fields indicate the account on the local system which requested the logon. This is most commonly a service such as the Server service, or a local process such as Winlogon.exe or Services.exe.

The logon type field indicates the kind of logon that occurred. The most common types are 2 (interactive) and 3 (network).

The New Logon fields indicate the account for whom the new logon was created, i.e. the account that was logged on.

The network fields indicate where a remote logon request originated. Workstation name is not always available and may be left blank in some cases.

The impersonation level field indicates the extent to which a process in the logon session can impersonate.

The authentication information fields provide detailed information about this specific logon request.
	- Logon GUID is a unique identifier that can be used to correlate this event with a KDC event.
	- Transited services indicate which intermediate services have participated in this logon request.
	- Package name indicates which sub-protocol was used among the NTLM protocols.
	- Key length indicates the length of the generated session key. This will be 0 if no session key was requested."
,4627,,Security,,,,-,-,0x0,,,,,,"Group membership information.

Subject:
	Security ID:		S-1-0-0
	Account Name:		-
	Account Domain:		-
	Logon ID:		0x0

Logon Type:			3

New Logon:
	Security ID:		S-1-5-18
	Account Name:		MORDORDC$
	Account Domain:		THESHIRE.LOCAL
	Logon ID:		0x2B7035E

Event in sequence:		1 of 1

Group Membership:			
		%{S-1-5-32-544}
		%{S-1-1-0}
		%{S-1-5-32-554}
		%{S-1-5-32-545}
		%{S-1-5-32-555}
		%{S-1-5-32-560}
		%{S-1-5-2}
		%{S-1-5-11}
		%{S-1-5-15}
		%{S-1-5-21-1363495622-3806888128-621328882-1000}
		%{S-1-5-21-1363495622-3806888128-621328882-516}
		%{S-1-5-9}
		%{S-1-18-1}
		%{S-1-5-21-1363495622-3806888128-621328882-572}
		%{S-1-16-16384}

The subject fields indicate the account on the local system which requested the logon. This is most commonly a service such as the Server service, or a local process such as Winlogon.exe or Services.exe.

The logon type field indicates the kind of logon that occurred. The most common types are 2 (interactive) and 3 (network).

The New Logon fields indicate the account for whom the new logon was created, i.e. the account that was logged on.

This event is generated when the Audit Group Membership subcategory is configured.  The Logon ID field can be used to correlate this event with the corresponding user logon event as well as to any other security audit events generated during this logon session."
,5158,,Security,,,,,,,,,,,,"The Windows Filtering Platform has permitted a bind to a local port.

Application Information:
	Process ID:		3596
	Application Name:	\device\harddiskvolume2\windows\system32\dfsrs.exe

Network Information:
	Source Address:		::
	Source Port:		54222
	Protocol:		6

Filter Information:
	Filter Run-Time ID:	0
	Layer Name:		Resource Assignment
	Layer Run-Time ID:	38"
,5156,,Security,,,,,,,,,,,,"The Windows Filtering Platform has permitted a connection.

Application Information:
	Process ID:		3548
	Application Name:	\device\harddiskvolume2\packages\plugins\microsoft.azure.networkwatcher.networkwatcheragentwindows\1.4.1587.1\networkwatcheragent\networkwatcheragent.exe

Network Information:
	Direction:		Outbound
	Source Address:		172.18.39.6
	Source Port:		50110
	Destination Address:	169.254.169.254
	Destination Port:		80
	Protocol:		6

Filter Information:
	Filter Run-Time ID:	69426
	Layer Name:		Connect
	Layer Run-Time ID:	48"
,5156,,Security,,,,,,,,,,,,"The Windows Filtering Platform has permitted a connection.

Application Information:
	Process ID:		3548
	Application Name:	\device\harddiskvolume2\packages\plugins\microsoft.azure.networkwatcher.networkwatcheragentwindows\1.4.1587.1\networkwatcheragent\networkwatcheragent.exe

Network Information:
	Direction:		Outbound
	Source Address:		172.18.39.6
	Source Port:		50110
	Destination Address:	169.254.169.254
	Destination Port:		80
	Protocol:		6

Filter Information:
	Filter Run-Time ID:	69426
	Layer Name:		Connect
	Layer Run-Time ID:	48"
,5158,,Security,,,,,,,,,,,,"The Windows Filtering Platform has permitted a bind to a local port.

Application Information:
	Process ID:		3440
	Application Name:	\device\harddiskvolume2\windowsazure\packages\guestagent\windowsazureguestagent.exe

Network Information:
	Source Address:		0.0.0.0
	Source Port:		62616
	Protocol:		6

Filter Information:
	Filter Run-Time ID:	0
	Layer Name:		Resource Assignment
	Layer Run-Time ID:	36"
,4690,,Security,,,,LOCAL SERVICE,NT AUTHORITY,0x3E5,,,,,,"An attempt was made to duplicate a handle to an object.

Subject:
	Security ID:		S-1-5-19
	Account Name:		LOCAL SERVICE
	Account Domain:		NT AUTHORITY
	Logon ID:		0x3E5

Source Handle Information:
	Source Handle ID:	0x6d8
	Source Process ID:	0x788

New Handle Information:
	Target Handle ID:	0x30f4
	Target Process ID:	0x4"
,4658,,Security,,,,LOCAL SERVICE,NT AUTHORITY,0x3E5,,,,,,"The handle to an object was closed.

Subject :
	Security ID:		S-1-5-19
	Account Name:		LOCAL SERVICE
	Account Domain:		NT AUTHORITY
	Logon ID:		0x3E5

Object:
	Object Server:		Security
	Handle ID:		0x30f4

Process Information:
	Process ID:		0x788
	Process Name:		C:\Windows\System32\svchost.exe"
,4656,,Security,,,,LOCAL SERVICE,NT AUTHORITY,0x3E5,,,,,,"A handle to an object was requested.

Subject:
	Security ID:		S-1-5-19
	Account Name:		LOCAL SERVICE
	Account Domain:		NT AUTHORITY
	Logon ID:		0x3E5

Object:
	Object Server:		Security
	Object Type:		Key
	Object Name:		\REGISTRY\MACHINE\SYSTEM\ControlSet001\Control\Lsa
	Handle ID:		0x6d8
	Resource Attributes:	-

Process Information:
	Process ID:		0x788
	Process Name:		C:\Windows\System32\svchost.exe

Access Request Information:
	Transaction ID:		{00000000-0000-0000-0000-000000000000}
	Accesses:		Query key value
				
	Access Reasons:		-
	Access Mask:		0x1
	Privileges Used for Access Check:	-
	Restricted SID Count:	5"
,4663,,Security,,,,LOCAL SERVICE,NT AUTHORITY,0x3E5,,,,,,"An attempt was made to access an object.

Subject:
	Security ID:		S-1-5-19
	Account Name:		LOCAL SERVICE
	Account Domain:		NT AUTHORITY
	Logon ID:		0x3E5

Object:
	Object Server:		Security
	Object Type:		Key
	Object Name:		\REGISTRY\MACHINE\SYSTEM\ControlSet001\Control\Lsa
	Handle ID:		0x6d8
	Resource Attributes:	-

Process Information:
	Process ID:		0x788
	Process Name:		C:\Windows\System32\svchost.exe

Access Request Information:
	Accesses:		Query key value
				
	Access Mask:		0x1"
,4658,,Security,,,,LOCAL SERVICE,NT AUTHORITY,0x3E5,,,,,,"The handle to an object was closed.

Subject :
	Security ID:		S-1-5-19
	Account Name:		LOCAL SERVICE
	Account Domain:		NT AUTHORITY
	Logon ID:		0x3E5

Object:
	Object Server:		Security
	Handle ID:		0x6d8

Process Information:
	Process ID:		0x788
	Process Name:		C:\Windows\System32\svchost.exe"
,4690,,Security,,,,LOCAL SERVICE,NT AUTHORITY,0x3E5,,,,,,"An attempt was made to duplicate a handle to an object.

Subject:
	Security ID:		S-1-5-19
	Account Name:		LOCAL SERVICE
	Account Domain:		NT AUTHORITY
	Logon ID:		0x3E5

Source Handle Information:
	Source Handle ID:	0x730
	Source Process ID:	0x788

New Handle Information:
	Target Handle ID:	0x30f4
	Target Process ID:	0x4"
,4658,,Security,,,,LOCAL SERVICE,NT AUTHORITY,0x3E5,,,,,,"The handle to an object was closed.

Subject :
	Security ID:		S-1-5-19
	Account Name:		LOCAL SERVICE
	Account Domain:		NT AUTHORITY
	Logon ID:		0x3E5

Object:
	Object Server:		Security
	Handle ID:		0x30f4

Process Information:
	Process ID:		0x788
	Process Name:		C:\Windows\System32\svchost.exe"
,4656,,Security,,,,LOCAL SERVICE,NT AUTHORITY,0x3E5,,,,,,"A handle to an object was requested.

Subject:
	Security ID:		S-1-5-19
	Account Name:		LOCAL SERVICE
	Account Domain:		NT AUTHORITY
	Logon ID:		0x3E5

Object:
	Object Server:		Security
	Object Type:		Key
	Object Name:		\REGISTRY\MACHINE\SYSTEM\ControlSet001\Control\Lsa
	Handle ID:		0x730
	Resource Attributes:	-

Process Information:
	Process ID:		0x788
	Process Name:		C:\Windows\System32\svchost.exe

Access Request Information:
	Transaction ID:		{00000000-0000-0000-0000-000000000000}
	Accesses:		Query key value
				
	Access Reasons:		-
	Access Mask:		0x1
	Privileges Used for Access Check:	-
	Restricted SID Count:	5"
,4658,,Security,,,,LOCAL SERVICE,NT AUTHORITY,0x3E5,,,,,,"The handle to an object was closed.

Subject :
	Security ID:		S-1-5-19
	Account Name:		LOCAL SERVICE
	Account Domain:		NT AUTHORITY
	Logon ID:		0x3E5

Object:
	Object Server:		Security
	Handle ID:		0x4f0

Process Information:
	Process ID:		0x788
	Process Name:		C:\Windows\System32\svchost.exe"
,4663,,Security,,,,LOCAL SERVICE,NT AUTHORITY,0x3E5,,,,,,"An attempt was made to access an object.

Subject:
	Security ID:		S-1-5-19
	Account Name:		LOCAL SERVICE
	Account Domain:		NT AUTHORITY
	Logon ID:		0x3E5

Object:
	Object Server:		Security
	Object Type:		Key
	Object Name:		\REGISTRY\MACHINE\SYSTEM\ControlSet001\Control\Lsa
	Handle ID:		0x730
	Resource Attributes:	-

Process Information:
	Process ID:		0x788
	Process Name:		C:\Windows\System32\svchost.exe

Access Request Information:
	Accesses:		Query key value
				
	Access Mask:		0x1"
,4690,,Security,,,,LOCAL SERVICE,NT AUTHORITY,0x3E5,,,,,,"An attempt was made to duplicate a handle to an object.

Subject:
	Security ID:		S-1-5-19
	Account Name:		LOCAL SERVICE
	Account Domain:		NT AUTHORITY
	Logon ID:		0x3E5

Source Handle Information:
	Source Handle ID:	0x4bc
	Source Process ID:	0x788

New Handle Information:
	Target Handle ID:	0x1bc
	Target Process ID:	0x4"
,4658,,Security,,,,LOCAL SERVICE,NT AUTHORITY,0x3E5,,,,,,"The handle to an object was closed.

Subject :
	Security ID:		S-1-5-19
	Account Name:		LOCAL SERVICE
	Account Domain:		NT AUTHORITY
	Logon ID:		0x3E5

Object:
	Object Server:		Security
	Handle ID:		0x1bc

Process Information:
	Process ID:		0x788
	Process Name:		C:\Windows\System32\svchost.exe"
,4656,,Security,,,,LOCAL SERVICE,NT AUTHORITY,0x3E5,,,,,,"A handle to an object was requested.

Subject:
	Security ID:		S-1-5-19
	Account Name:		LOCAL SERVICE
	Account Domain:		NT AUTHORITY
	Logon ID:		0x3E5

Object:
	Object Server:		Security
	Object Type:		Key
	Object Name:		\REGISTRY\MACHINE\SYSTEM\ControlSet001\Control\Lsa
	Handle ID:		0x4bc
	Resource Attributes:	-

Process Information:
	Process ID:		0x788
	Process Name:		C:\Windows\System32\svchost.exe

Access Request Information:
	Transaction ID:		{00000000-0000-0000-0000-000000000000}
	Accesses:		Query key value
				
	Access Reasons:		-
	Access Mask:		0x1
	Privileges Used for Access Check:	-
	Restricted SID Count:	5"
,4663,,Security,,,,LOCAL SERVICE,NT AUTHORITY,0x3E5,,,,,,"An attempt was made to access an object.

Subject:
	Security ID:		S-1-5-19
	Account Name:		LOCAL SERVICE
	Account Domain:		NT AUTHORITY
	Logon ID:		0x3E5

Object:
	Object Server:		Security
	Object Type:		Key
	Object Name:		\REGISTRY\MACHINE\SYSTEM\ControlSet001\Control\Lsa
	Handle ID:		0x4bc
	Resource Attributes:	-

Process Information:
	Process ID:		0x788
	Process Name:		C:\Windows\System32\svchost.exe

Access Request Information:
	Accesses:		Query key value
				
	Access Mask:		0x1"
,4658,,Security,,,,LOCAL SERVICE,NT AUTHORITY,0x3E5,,,,,,"The handle to an object was closed.

Subject :
	Security ID:		S-1-5-19
	Account Name:		LOCAL SERVICE
	Account Domain:		NT AUTHORITY
	Logon ID:		0x3E5

Object:
	Object Server:		Security
	Handle ID:		0x4bc

Process Information:
	Process ID:		0x788
	Process Name:		C:\Windows\System32\svchost.exe"
,4690,,Security,,,,LOCAL SERVICE,NT AUTHORITY,0x3E5,,,,,,"An attempt was made to duplicate a handle to an object.

Subject:
	Security ID:		S-1-5-19
	Account Name:		LOCAL SERVICE
	Account Domain:		NT AUTHORITY
	Logon ID:		0x3E5

Source Handle Information:
	Source Handle ID:	0x4f0
	Source Process ID:	0x788

New Handle Information:
	Target Handle ID:	0x1dfc
	Target Process ID:	0x4"
,4658,,Security,,,,LOCAL SERVICE,NT AUTHORITY,0x3E5,,,,,,"The handle to an object was closed.

Subject :
	Security ID:		S-1-5-19
	Account Name:		LOCAL SERVICE
	Account Domain:		NT AUTHORITY
	Logon ID:		0x3E5

Object:
	Object Server:		Security
	Handle ID:		0x1dfc

Process Information:
	Process ID:		0x788
	Process Name:		C:\Windows\System32\svchost.exe"
,4656,,Security,,,,LOCAL SERVICE,NT AUTHORITY,0x3E5,,,,,,"A handle to an object was requested.

Subject:
	Security ID:		S-1-5-19
	Account Name:		LOCAL SERVICE
	Account Domain:		NT AUTHORITY
	Logon ID:		0x3E5

Object:
	Object Server:		Security
	Object Type:		Key
	Object Name:		\REGISTRY\MACHINE\SYSTEM\ControlSet001\Control\Lsa
	Handle ID:		0x4f0
	Resource Attributes:	-

Process Information:
	Process ID:		0x788
	Process Name:		C:\Windows\System32\svchost.exe

Access Request Information:
	Transaction ID:		{00000000-0000-0000-0000-000000000000}
	Accesses:		Query key value
				
	Access Reasons:		-
	Access Mask:		0x1
	Privileges Used for Access Check:	-
	Restricted SID Count:	5"
,4658,,Security,,,,LOCAL SERVICE,NT AUTHORITY,0x3E5,,,,,,"The handle to an object was closed.

Subject :
	Security ID:		S-1-5-19
	Account Name:		LOCAL SERVICE
	Account Domain:		NT AUTHORITY
	Logon ID:		0x3E5

Object:
	Object Server:		Security
	Handle ID:		0x730

Process Information:
	Process ID:		0x788
	Process Name:		C:\Windows\System32\svchost.exe"
,5158,,Security,,,,,,,,,,,,"The Windows Filtering Platform has permitted a bind to a local port.

Application Information:
	Process ID:		1648
	Application Name:	\device\harddiskvolume2\windows\system32\windowspowershell\v1.0\powershell.exe

Network Information:
	Source Address:		0.0.0.0
	Source Port:		65403
	Protocol:		6

Filter Information:
	Filter Run-Time ID:	0
	Layer Name:		Resource Assignment
	Layer Run-Time ID:	36"
,4663,,Security,,,,LOCAL SERVICE,NT AUTHORITY,0x3E5,,,,,,"An attempt was made to access an object.

Subject:
	Security ID:		S-1-5-19
	Account Name:		LOCAL SERVICE
	Account Domain:		NT AUTHORITY
	Logon ID:		0x3E5

Object:
	Object Server:		Security
	Object Type:		Key
	Object Name:		\REGISTRY\MACHINE\SYSTEM\ControlSet001\Control\Lsa
	Handle ID:		0x4f0
	Resource Attributes:	-

Process Information:
	Process ID:		0x788
	Process Name:		C:\Windows\System32\svchost.exe

Access Request Information:
	Accesses:		Query key value
				
	Access Mask:		0x1"
,4658,,Security,,,,LOCAL SERVICE,NT AUTHORITY,0x3E5,,,,,,"The handle to an object was closed.

Subject :
	Security ID:		S-1-5-19
	Account Name:		LOCAL SERVICE
	Account Domain:		NT AUTHORITY
	Logon ID:		0x3E5

Object:
	Object Server:		Security
	Handle ID:		0x1dfc

Process Information:
	Process ID:		0x788
	Process Name:		C:\Windows\System32\svchost.exe"
,5156,,Security,,,,,,,,,,,,"The Windows Filtering Platform has permitted a connection.

Application Information:
	Process ID:		3440
	Application Name:	\device\harddiskvolume2\windowsazure\packages\guestagent\windowsazureguestagent.exe

Network Information:
	Direction:		Outbound
	Source Address:		172.18.39.6
	Source Port:		62616
	Destination Address:	169.254.169.254
	Destination Port:		80
	Protocol:		6

Filter Information:
	Filter Run-Time ID:	69422
	Layer Name:		Connect
	Layer Run-Time ID:	48"
,5158,,Security,,,,,,,,,,,,"The Windows Filtering Platform has permitted a bind to a local port.

Application Information:
	Process ID:		3532
	Application Name:	\device\harddiskvolume2\windows\adws\microsoft.activedirectory.webservices.exe

Network Information:
	Source Address:		::
	Source Port:		54225
	Protocol:		6

Filter Information:
	Filter Run-Time ID:	0
	Layer Name:		Resource Assignment
	Layer Run-Time ID:	38"
,5156,,Security,,,,,,,,,,,,"The Windows Filtering Platform has permitted a connection.

Application Information:
	Process ID:		3532
	Application Name:	\device\harddiskvolume2\windows\adws\microsoft.activedirectory.webservices.exe

Network Information:
	Direction:		Outbound
	Source Address:		::1
	Source Port:		54225
	Destination Address:	::1
	Destination Port:		389
	Protocol:		6

Filter Information:
	Filter Run-Time ID:	65853
	Layer Name:		Connect
	Layer Run-Time ID:	50"
,5156,,Security,,,,,,,,,,,,"The Windows Filtering Platform has permitted a connection.

Application Information:
	Process ID:		704
	Application Name:	\device\harddiskvolume2\windows\system32\lsass.exe

Network Information:
	Direction:		Inbound
	Source Address:		::1
	Source Port:		54225
	Destination Address:	::1
	Destination Port:		389
	Protocol:		6

Filter Information:
	Filter Run-Time ID:	65851
	Layer Name:		Receive/Accept
	Layer Run-Time ID:	46"
,4672,,Security,,,,MORDORDC$,THESHIRE,0x2B7061C,,,"SeSecurityPrivilege, SeBackupPrivilege, SeRestorePrivilege, SeTakeOwnershipPrivilege, SeDebugPrivilege, SeSystemEnvironmentPrivilege, SeLoadDriverPrivilege, SeImpersonatePrivilege, SeDelegateSessionUserImpersonatePrivilege, SeEnableDelegationPrivilege",,,"Special privileges assigned to new logon.

Subject:
	Security ID:		S-1-5-18
	Account Name:		MORDORDC$
	Account Domain:		THESHIRE
	Logon ID:		0x2B7061C

Privileges:		SeSecurityPrivilege
			SeBackupPrivilege
			SeRestorePrivilege
			SeTakeOwnershipPrivilege
			SeDebugPrivilege
			SeSystemEnvironmentPrivilege
			SeLoadDriverPrivilege
			SeImpersonatePrivilege
			SeDelegateSessionUserImpersonatePrivilege
			SeEnableDelegationPrivilege"
,4624,,Security,,,,-,-,0x0,,,,3,-,"An account was successfully logged on.

Subject:
	Security ID:		S-1-0-0
	Account Name:		-
	Account Domain:		-
	Logon ID:		0x0

Logon Information:
	Logon Type:		3
	Restricted Admin Mode:	-
	Virtual Account:		No
	Elevated Token:		Yes

Impersonation Level:		Impersonation

New Logon:
	Security ID:		S-1-5-18
	Account Name:		MORDORDC$
	Account Domain:		THESHIRE.LOCAL
	Logon ID:		0x2B7061C
	Linked Logon ID:		0x0
	Network Account Name:	-
	Network Account Domain:	-
	Logon GUID:		{b11b2054-2976-9513-aba5-ec34450ba878}

Process Information:
	Process ID:		0x0
	Process Name:		-

Network Information:
	Workstation Name:	-
	Source Network Address:	::1
	Source Port:		54225

Detailed Authentication Information:
	Logon Process:		Kerberos
	Authentication Package:	Kerberos
	Transited Services:	-
	Package Name (NTLM only):	-
	Key Length:		0

This event is generated when a logon session is created. It is generated on the computer that was accessed.

The subject fields indicate the account on the local system which requested the logon. This is most commonly a service such as the Server service, or a local process such as Winlogon.exe or Services.exe.

The logon type field indicates the kind of logon that occurred. The most common types are 2 (interactive) and 3 (network).

The New Logon fields indicate the account for whom the new logon was created, i.e. the account that was logged on.

The network fields indicate where a remote logon request originated. Workstation name is not always available and may be left blank in some cases.

The impersonation level field indicates the extent to which a process in the logon session can impersonate.

The authentication information fields provide detailed information about this specific logon request.
	- Logon GUID is a unique identifier that can be used to correlate this event with a KDC event.
	- Transited services indicate which intermediate services have participated in this logon request.
	- Package name indicates which sub-protocol was used among the NTLM protocols.
	- Key length indicates the length of the generated session key. This will be 0 if no session key was requested."
,4627,,Security,,,,-,-,0x0,,,,,,"Group membership information.

Subject:
	Security ID:		S-1-0-0
	Account Name:		-
	Account Domain:		-
	Logon ID:		0x0

Logon Type:			3

New Logon:
	Security ID:		S-1-5-18
	Account Name:		MORDORDC$
	Account Domain:		THESHIRE.LOCAL
	Logon ID:		0x2B7061C

Event in sequence:		1 of 1

Group Membership:			
		%{S-1-5-32-544}
		%{S-1-1-0}
		%{S-1-5-32-554}
		%{S-1-5-32-545}
		%{S-1-5-32-555}
		%{S-1-5-32-560}
		%{S-1-5-2}
		%{S-1-5-11}
		%{S-1-5-15}
		%{S-1-5-21-1363495622-3806888128-621328882-1000}
		%{S-1-5-21-1363495622-3806888128-621328882-516}
		%{S-1-5-9}
		%{S-1-18-1}
		%{S-1-5-21-1363495622-3806888128-621328882-572}
		%{S-1-16-16384}

The subject fields indicate the account on the local system which requested the logon. This is most commonly a service such as the Server service, or a local process such as Winlogon.exe or Services.exe.

The logon type field indicates the kind of logon that occurred. The most common types are 2 (interactive) and 3 (network).

The New Logon fields indicate the account for whom the new logon was created, i.e. the account that was logged on.

This event is generated when the Audit Group Membership subcategory is configured.  The Logon ID field can be used to correlate this event with the corresponding user logon event as well as to any other security audit events generated during this logon session."
,4634,,Security,,,,MORDORDC$,THESHIRE,0x2B7061C,,,,,,"An account was logged off.

Subject:
	Security ID:		S-1-5-18
	Account Name:		MORDORDC$
	Account Domain:		THESHIRE
	Logon ID:		0x2B7061C

Logon Type:			3

This event is generated when a logon session is destroyed. It may be positively correlated with a logon event using the Logon ID value. Logon IDs are only unique between reboots on the same computer."
,4656,,Security,,,,LOCAL SERVICE,NT AUTHORITY,0x3E5,,,,,,"A handle to an object was requested.

Subject:
	Security ID:		S-1-5-19
	Account Name:		LOCAL SERVICE
	Account Domain:		NT AUTHORITY
	Logon ID:		0x3E5

Object:
	Object Server:		Security
	Object Type:		Key
	Object Name:		\REGISTRY\MACHINE\SYSTEM\ControlSet001\Control\Lsa
	Handle ID:		0x4f0
	Resource Attributes:	-

Process Information:
	Process ID:		0x788
	Process Name:		C:\Windows\System32\svchost.exe

Access Request Information:
	Transaction ID:		{00000000-0000-0000-0000-000000000000}
	Accesses:		Query key value
				
	Access Reasons:		-
	Access Mask:		0x1
	Privileges Used for Access Check:	-
	Restricted SID Count:	5"
,5158,,Security,,,,,,,,,,,,"The Windows Filtering Platform has permitted a bind to a local port.

Application Information:
	Process ID:		1648
	Application Name:	\device\harddiskvolume2\windows\system32\windowspowershell\v1.0\powershell.exe

Network Information:
	Source Address:		0.0.0.0
	Source Port:		65408
	Protocol:		6

Filter Information:
	Filter Run-Time ID:	0
	Layer Name:		Resource Assignment
	Layer Run-Time ID:	36"
,5158,,Security,,,,,,,,,,,,"The Windows Filtering Platform has permitted a bind to a local port.

Application Information:
	Process ID:		1648
	Application Name:	\device\harddiskvolume2\windows\system32\windowspowershell\v1.0\powershell.exe

Network Information:
	Source Address:		0.0.0.0
	Source Port:		65409
	Protocol:		6

Filter Information:
	Filter Run-Time ID:	0
	Layer Name:		Resource Assignment
	Layer Run-Time ID:	36"
,5156,,Security,,,,,,,,,,,,"The Windows Filtering Platform has permitted a connection.

Application Information:
	Process ID:		1648
	Application Name:	\device\harddiskvolume2\windows\system32\windowspowershell\v1.0\powershell.exe

Network Information:
	Direction:		Outbound
	Source Address:		172.18.39.5
	Source Port:		65409
	Destination Address:	10.10.10.5
	Destination Port:		80
	Protocol:		6

Filter Information:
	Filter Run-Time ID:	69420
	Layer Name:		Connect
	Layer Run-Time ID:	48"
,5156,,Security,,,,,,,,,,,,"The Windows Filtering Platform has permitted a connection.

Application Information:
	Process ID:		3472
	Application Name:	\device\harddiskvolume2\packages\plugins\microsoft.azure.networkwatcher.networkwatcheragentwindows\1.4.1587.1\networkwatcheragent\networkwatcheragent.exe

Network Information:
	Direction:		Outbound
	Source Address:		172.18.39.5
	Source Port:		52810
	Destination Address:	169.254.169.254
	Destination Port:		80
	Protocol:		6

Filter Information:
	Filter Run-Time ID:	69424
	Layer Name:		Connect
	Layer Run-Time ID:	48"
,5156,,Security,,,,,,,,,,,,"The Windows Filtering Platform has permitted a connection.

Application Information:
	Process ID:		3472
	Application Name:	\device\harddiskvolume2\packages\plugins\microsoft.azure.networkwatcher.networkwatcheragentwindows\1.4.1587.1\networkwatcheragent\networkwatcheragent.exe

Network Information:
	Direction:		Outbound
	Source Address:		172.18.39.5
	Source Port:		52810
	Destination Address:	169.254.169.254
	Destination Port:		80
	Protocol:		6

Filter Information:
	Filter Run-Time ID:	69424
	Layer Name:		Connect
	Layer Run-Time ID:	48"
,5156,,Security,,,,,,,,,,,,"The Windows Filtering Platform has permitted a connection.

Application Information:
	Process ID:		3548
	Application Name:	\device\harddiskvolume2\packages\plugins\microsoft.azure.networkwatcher.networkwatcheragentwindows\1.4.1587.1\networkwatcheragent\networkwatcheragent.exe

Network Information:
	Direction:		Outbound
	Source Address:		172.18.39.6
	Source Port:		50110
	Destination Address:	169.254.169.254
	Destination Port:		80
	Protocol:		6

Filter Information:
	Filter Run-Time ID:	69426
	Layer Name:		Connect
	Layer Run-Time ID:	48"
,5156,,Security,,,,,,,,,,,,"The Windows Filtering Platform has permitted a connection.

Application Information:
	Process ID:		3548
	Application Name:	\device\harddiskvolume2\packages\plugins\microsoft.azure.networkwatcher.networkwatcheragentwindows\1.4.1587.1\networkwatcheragent\networkwatcheragent.exe

Network Information:
	Direction:		Outbound
	Source Address:		172.18.39.6
	Source Port:		50110
	Destination Address:	169.254.169.254
	Destination Port:		80
	Protocol:		6

Filter Information:
	Filter Run-Time ID:	69426
	Layer Name:		Connect
	Layer Run-Time ID:	48"
,5158,,Security,,,,,,,,,,,,"The Windows Filtering Platform has permitted a bind to a local port.

Application Information:
	Process ID:		3120
	Application Name:	\device\harddiskvolume2\windows\system32\svchost.exe

Network Information:
	Source Address:		0.0.0.0
	Source Port:		62617
	Protocol:		6

Filter Information:
	Filter Run-Time ID:	0
	Layer Name:		Resource Assignment
	Layer Run-Time ID:	36"
,4690,,Security,,,,LOCAL SERVICE,NT AUTHORITY,0x3E5,,,,,,"An attempt was made to duplicate a handle to an object.

Subject:
	Security ID:		S-1-5-19
	Account Name:		LOCAL SERVICE
	Account Domain:		NT AUTHORITY
	Logon ID:		0x3E5

Source Handle Information:
	Source Handle ID:	0x4f0
	Source Process ID:	0x788

New Handle Information:
	Target Handle ID:	0x1dfc
	Target Process ID:	0x4"
,5156,,Security,,,,,,,,,,,,"The Windows Filtering Platform has permitted a connection.

Application Information:
	Process ID:		1648
	Application Name:	\device\harddiskvolume2\windows\system32\windowspowershell\v1.0\powershell.exe

Network Information:
	Direction:		Outbound
	Source Address:		172.18.39.5
	Source Port:		65408
	Destination Address:	10.10.10.5
	Destination Port:		80
	Protocol:		6

Filter Information:
	Filter Run-Time ID:	69420
	Layer Name:		Connect
	Layer Run-Time ID:	48"
,4656,,Security,,,,LOCAL SERVICE,NT AUTHORITY,0x3E5,,,,,,"A handle to an object was requested.

Subject:
	Security ID:		S-1-5-19
	Account Name:		LOCAL SERVICE
	Account Domain:		NT AUTHORITY
	Logon ID:		0x3E5

Object:
	Object Server:		SC Manager
	Object Type:		SC_MANAGER OBJECT
	Object Name:		ServicesActive
	Handle ID:		0x21849e4c5a0
	Resource Attributes:	-

Process Information:
	Process ID:		0x2dc
	Process Name:		C:\Windows\System32\services.exe

Access Request Information:
	Transaction ID:		{00000000-0000-0000-0000-000000000000}
	Accesses:		Connect to service controller
				Enumerate services
				
	Access Reasons:		-
	Access Mask:		0x5
	Privileges Used for Access Check:	-
	Restricted SID Count:	0"
,5156,,Security,,,,,,,,,,,,"The Windows Filtering Platform has permitted a connection.

Application Information:
	Process ID:		1648
	Application Name:	\device\harddiskvolume2\windows\system32\windowspowershell\v1.0\powershell.exe

Network Information:
	Direction:		Outbound
	Source Address:		172.18.39.5
	Source Port:		65402
	Destination Address:	10.10.10.5
	Destination Port:		80
	Protocol:		6

Filter Information:
	Filter Run-Time ID:	69420
	Layer Name:		Connect
	Layer Run-Time ID:	48"
,5158,,Security,,,,,,,,,,,,"The Windows Filtering Platform has permitted a bind to a local port.

Application Information:
	Process ID:		1648
	Application Name:	\device\harddiskvolume2\windows\system32\windowspowershell\v1.0\powershell.exe

Network Information:
	Source Address:		0.0.0.0
	Source Port:		65402
	Protocol:		6

Filter Information:
	Filter Run-Time ID:	0
	Layer Name:		Resource Assignment
	Layer Run-Time ID:	36"
,5156,,Security,,,,,,,,,,,,"The Windows Filtering Platform has permitted a connection.

Application Information:
	Process ID:		704
	Application Name:	\device\harddiskvolume2\windows\system32\lsass.exe

Network Information:
	Direction:		Outbound
	Source Address:		::1
	Source Port:		51907
	Destination Address:	::1
	Destination Port:		53
	Protocol:		17

Filter Information:
	Filter Run-Time ID:	65853
	Layer Name:		Connect
	Layer Run-Time ID:	50"
,5158,,Security,,,,,,,,,,,,"The Windows Filtering Platform has permitted a bind to a local port.

Application Information:
	Process ID:		704
	Application Name:	\device\harddiskvolume2\windows\system32\lsass.exe

Network Information:
	Source Address:		::
	Source Port:		59065
	Protocol:		17

Filter Information:
	Filter Run-Time ID:	0
	Layer Name:		Resource Assignment
	Layer Run-Time ID:	38"
,5158,,Security,,,,,,,,,,,,"The Windows Filtering Platform has permitted a bind to a local port.

Application Information:
	Process ID:		704
	Application Name:	\device\harddiskvolume2\windows\system32\lsass.exe

Network Information:
	Source Address:		0.0.0.0
	Source Port:		51907
	Protocol:		17

Filter Information:
	Filter Run-Time ID:	0
	Layer Name:		Resource Assignment
	Layer Run-Time ID:	36"
,5158,,Security,,,,,,,,,,,,"The Windows Filtering Platform has permitted a bind to a local port.

Application Information:
	Process ID:		704
	Application Name:	\device\harddiskvolume2\windows\system32\lsass.exe

Network Information:
	Source Address:		0.0.0.0
	Source Port:		61127
	Protocol:		17

Filter Information:
	Filter Run-Time ID:	0
	Layer Name:		Resource Assignment
	Layer Run-Time ID:	36"
,5156,,Security,,,,,,,,,,,,"The Windows Filtering Platform has permitted a connection.

Application Information:
	Process ID:		704
	Application Name:	\device\harddiskvolume2\windows\system32\lsass.exe

Network Information:
	Direction:		Outbound
	Source Address:		172.18.38.5
	Source Port:		61127
	Destination Address:	172.18.38.5
	Destination Port:		53
	Protocol:		17

Filter Information:
	Filter Run-Time ID:	65854
	Layer Name:		Connect
	Layer Run-Time ID:	48"
,5156,,Security,,,,,,,,,,,,"The Windows Filtering Platform has permitted a connection.

Application Information:
	Process ID:		3616
	Application Name:	\device\harddiskvolume2\windows\system32\dns.exe

Network Information:
	Direction:		Inbound
	Source Address:		172.18.38.5
	Source Port:		61127
	Destination Address:	172.18.38.5
	Destination Port:		53
	Protocol:		17

Filter Information:
	Filter Run-Time ID:	65852
	Layer Name:		Receive/Accept
	Layer Run-Time ID:	44"
,5158,,Security,,,,,,,,,,,,"The Windows Filtering Platform has permitted a bind to a local port.

Application Information:
	Process ID:		704
	Application Name:	\device\harddiskvolume2\windows\system32\lsass.exe

Network Information:
	Source Address:		::
	Source Port:		52753
	Protocol:		17

Filter Information:
	Filter Run-Time ID:	0
	Layer Name:		Resource Assignment
	Layer Run-Time ID:	36"
,5158,,Security,,,,,,,,,,,,"The Windows Filtering Platform has permitted a bind to a local port.

Application Information:
	Process ID:		704
	Application Name:	\device\harddiskvolume2\windows\system32\lsass.exe

Network Information:
	Source Address:		::
	Source Port:		52753
	Protocol:		17

Filter Information:
	Filter Run-Time ID:	0
	Layer Name:		Resource Assignment
	Layer Run-Time ID:	38"
,5158,,Security,,,,,,,,,,,,"The Windows Filtering Platform has permitted a bind to a local port.

Application Information:
	Process ID:		704
	Application Name:	\device\harddiskvolume2\windows\system32\lsass.exe

Network Information:
	Source Address:		::
	Source Port:		51907
	Protocol:		17

Filter Information:
	Filter Run-Time ID:	0
	Layer Name:		Resource Assignment
	Layer Run-Time ID:	38"
,5156,,Security,,,,,,,,,,,,"The Windows Filtering Platform has permitted a connection.

Application Information:
	Process ID:		704
	Application Name:	\device\harddiskvolume2\windows\system32\lsass.exe

Network Information:
	Direction:		Outbound
	Source Address:		::1
	Source Port:		52753
	Destination Address:	::1
	Destination Port:		53
	Protocol:		17

Filter Information:
	Filter Run-Time ID:	65853
	Layer Name:		Connect
	Layer Run-Time ID:	50"
,5158,,Security,,,,,,,,,,,,"The Windows Filtering Platform has permitted a bind to a local port.

Application Information:
	Process ID:		704
	Application Name:	\device\harddiskvolume2\windows\system32\lsass.exe

Network Information:
	Source Address:		::
	Source Port:		61013
	Protocol:		17

Filter Information:
	Filter Run-Time ID:	0
	Layer Name:		Resource Assignment
	Layer Run-Time ID:	38"
,5158,,Security,,,,,,,,,,,,"The Windows Filtering Platform has permitted a bind to a local port.

Application Information:
	Process ID:		704
	Application Name:	\device\harddiskvolume2\windows\system32\lsass.exe

Network Information:
	Source Address:		0.0.0.0
	Source Port:		51907
	Protocol:		17

Filter Information:
	Filter Run-Time ID:	0
	Layer Name:		Resource Assignment
	Layer Run-Time ID:	36"
,5158,,Security,,,,,,,,,,,,"The Windows Filtering Platform has permitted a bind to a local port.

Application Information:
	Process ID:		704
	Application Name:	\device\harddiskvolume2\windows\system32\lsass.exe

Network Information:
	Source Address:		0.0.0.0
	Source Port:		56873
	Protocol:		17

Filter Information:
	Filter Run-Time ID:	0
	Layer Name:		Resource Assignment
	Layer Run-Time ID:	36"
,5156,,Security,,,,,,,,,,,,"The Windows Filtering Platform has permitted a connection.

Application Information:
	Process ID:		704
	Application Name:	\device\harddiskvolume2\windows\system32\lsass.exe

Network Information:
	Direction:		Outbound
	Source Address:		172.18.38.5
	Source Port:		56873
	Destination Address:	172.18.38.5
	Destination Port:		53
	Protocol:		17

Filter Information:
	Filter Run-Time ID:	65854
	Layer Name:		Connect
	Layer Run-Time ID:	48"
,5156,,Security,,,,,,,,,,,,"The Windows Filtering Platform has permitted a connection.

Application Information:
	Process ID:		3616
	Application Name:	\device\harddiskvolume2\windows\system32\dns.exe

Network Information:
	Direction:		Inbound
	Source Address:		172.18.38.5
	Source Port:		56873
	Destination Address:	172.18.38.5
	Destination Port:		53
	Protocol:		17

Filter Information:
	Filter Run-Time ID:	65852
	Layer Name:		Receive/Accept
	Layer Run-Time ID:	44"
,5158,,Security,,,,,,,,,,,,"The Windows Filtering Platform has permitted a bind to a local port.

Application Information:
	Process ID:		1648
	Application Name:	\device\harddiskvolume2\windows\system32\windowspowershell\v1.0\powershell.exe

Network Information:
	Source Address:		0.0.0.0
	Source Port:		65393
	Protocol:		6

Filter Information:
	Filter Run-Time ID:	0
	Layer Name:		Resource Assignment
	Layer Run-Time ID:	36"
,5156,,Security,,,,,,,,,,,,"The Windows Filtering Platform has permitted a connection.

Application Information:
	Process ID:		1648
	Application Name:	\device\harddiskvolume2\windows\system32\windowspowershell\v1.0\powershell.exe

Network Information:
	Direction:		Outbound
	Source Address:		172.18.39.5
	Source Port:		65393
	Destination Address:	10.10.10.5
	Destination Port:		80
	Protocol:		6

Filter Information:
	Filter Run-Time ID:	69420
	Layer Name:		Connect
	Layer Run-Time ID:	48"
,5158,,Security,,,,,,,,,,,,"The Windows Filtering Platform has permitted a bind to a local port.

Application Information:
	Process ID:		4164
	Application Name:	\device\harddiskvolume2\windows\system32\svchost.exe

Network Information:
	Source Address:		0.0.0.0
	Source Port:		54218
	Protocol:		6

Filter Information:
	Filter Run-Time ID:	0
	Layer Name:		Resource Assignment
	Layer Run-Time ID:	36"
,5156,,Security,,,,,,,,,,,,"The Windows Filtering Platform has permitted a connection.

Application Information:
	Process ID:		3616
	Application Name:	\device\harddiskvolume2\windows\system32\dns.exe

Network Information:
	Direction:		Inbound
	Source Address:		::1
	Source Port:		52753
	Destination Address:	::1
	Destination Port:		53
	Protocol:		17

Filter Information:
	Filter Run-Time ID:	65851
	Layer Name:		Receive/Accept
	Layer Run-Time ID:	46"
,5156,,Security,,,,,,,,,,,,"The Windows Filtering Platform has permitted a connection.

Application Information:
	Process ID:		3472
	Application Name:	\device\harddiskvolume2\packages\plugins\microsoft.azure.networkwatcher.networkwatcheragentwindows\1.4.1587.1\networkwatcheragent\networkwatcheragent.exe

Network Information:
	Direction:		Outbound
	Source Address:		172.18.39.5
	Source Port:		52810
	Destination Address:	169.254.169.254
	Destination Port:		80
	Protocol:		6

Filter Information:
	Filter Run-Time ID:	69424
	Layer Name:		Connect
	Layer Run-Time ID:	48"
,5158,,Security,,,,,,,,,,,,"The Windows Filtering Platform has permitted a bind to a local port.

Application Information:
	Process ID:		704
	Application Name:	\device\harddiskvolume2\windows\system32\lsass.exe

Network Information:
	Source Address:		::
	Source Port:		51907
	Protocol:		17

Filter Information:
	Filter Run-Time ID:	0
	Layer Name:		Resource Assignment
	Layer Run-Time ID:	36"
,5158,,Security,,,,,,,,,,,,"The Windows Filtering Platform has permitted a bind to a local port.

Application Information:
	Process ID:		704
	Application Name:	\device\harddiskvolume2\windows\system32\lsass.exe

Network Information:
	Source Address:		0.0.0.0
	Source Port:		65535
	Protocol:		17

Filter Information:
	Filter Run-Time ID:	0
	Layer Name:		Resource Assignment
	Layer Run-Time ID:	36"
,5158,,Security,,,,,,,,,,,,"The Windows Filtering Platform has permitted a bind to a local port.

Application Information:
	Process ID:		704
	Application Name:	\device\harddiskvolume2\windows\system32\lsass.exe

Network Information:
	Source Address:		0.0.0.0
	Source Port:		61815
	Protocol:		17

Filter Information:
	Filter Run-Time ID:	0
	Layer Name:		Resource Assignment
	Layer Run-Time ID:	36"
,5156,,Security,,,,,,,,,,,,"The Windows Filtering Platform has permitted a connection.

Application Information:
	Process ID:		704
	Application Name:	\device\harddiskvolume2\windows\system32\lsass.exe

Network Information:
	Direction:		Outbound
	Source Address:		172.18.38.5
	Source Port:		61815
	Destination Address:	172.18.38.5
	Destination Port:		53
	Protocol:		17

Filter Information:
	Filter Run-Time ID:	65854
	Layer Name:		Connect
	Layer Run-Time ID:	48"
,5156,,Security,,,,,,,,,,,,"The Windows Filtering Platform has permitted a connection.

Application Information:
	Process ID:		3616
	Application Name:	\device\harddiskvolume2\windows\system32\dns.exe

Network Information:
	Direction:		Inbound
	Source Address:		172.18.38.5
	Source Port:		61815
	Destination Address:	172.18.38.5
	Destination Port:		53
	Protocol:		17

Filter Information:
	Filter Run-Time ID:	65852
	Layer Name:		Receive/Accept
	Layer Run-Time ID:	44"
,5158,,Security,,,,,,,,,,,,"The Windows Filtering Platform has permitted a bind to a local port.

Application Information:
	Process ID:		704
	Application Name:	\device\harddiskvolume2\windows\system32\lsass.exe

Network Information:
	Source Address:		::
	Source Port:		58483
	Protocol:		17

Filter Information:
	Filter Run-Time ID:	0
	Layer Name:		Resource Assignment
	Layer Run-Time ID:	36"
,5158,,Security,,,,,,,,,,,,"The Windows Filtering Platform has permitted a bind to a local port.

Application Information:
	Process ID:		704
	Application Name:	\device\harddiskvolume2\windows\system32\lsass.exe

Network Information:
	Source Address:		::
	Source Port:		58483
	Protocol:		17

Filter Information:
	Filter Run-Time ID:	0
	Layer Name:		Resource Assignment
	Layer Run-Time ID:	38"
,5156,,Security,,,,,,,,,,,,"The Windows Filtering Platform has permitted a connection.

Application Information:
	Process ID:		704
	Application Name:	\device\harddiskvolume2\windows\system32\lsass.exe

Network Information:
	Direction:		Outbound
	Source Address:		::1
	Source Port:		58483
	Destination Address:	::1
	Destination Port:		53
	Protocol:		17

Filter Information:
	Filter Run-Time ID:	65853
	Layer Name:		Connect
	Layer Run-Time ID:	50"
,5156,,Security,,,,,,,,,,,,"The Windows Filtering Platform has permitted a connection.

Application Information:
	Process ID:		3616
	Application Name:	\device\harddiskvolume2\windows\system32\dns.exe

Network Information:
	Direction:		Inbound
	Source Address:		::1
	Source Port:		58483
	Destination Address:	::1
	Destination Port:		53
	Protocol:		17

Filter Information:
	Filter Run-Time ID:	65851
	Layer Name:		Receive/Accept
	Layer Run-Time ID:	46"
,5158,,Security,,,,,,,,,,,,"The Windows Filtering Platform has permitted a bind to a local port.

Application Information:
	Process ID:		704
	Application Name:	\device\harddiskvolume2\windows\system32\lsass.exe

Network Information:
	Source Address:		::
	Source Port:		59370
	Protocol:		17

Filter Information:
	Filter Run-Time ID:	0
	Layer Name:		Resource Assignment
	Layer Run-Time ID:	38"
,5156,,Security,,,,,,,,,,,,"The Windows Filtering Platform has permitted a connection.

Application Information:
	Process ID:		704
	Application Name:	\device\harddiskvolume2\windows\system32\lsass.exe

Network Information:
	Direction:		Outbound
	Source Address:		172.18.38.5
	Source Port:		65535
	Destination Address:	172.18.38.5
	Destination Port:		53
	Protocol:		17

Filter Information:
	Filter Run-Time ID:	65854
	Layer Name:		Connect
	Layer Run-Time ID:	48"
,5158,,Security,,,,,,,,,,,,"The Windows Filtering Platform has permitted a bind to a local port.

Application Information:
	Process ID:		704
	Application Name:	\device\harddiskvolume2\windows\system32\lsass.exe

Network Information:
	Source Address:		0.0.0.0
	Source Port:		51907
	Protocol:		17

Filter Information:
	Filter Run-Time ID:	0
	Layer Name:		Resource Assignment
	Layer Run-Time ID:	36"
,5156,,Security,,,,,,,,,,,,"The Windows Filtering Platform has permitted a connection.

Application Information:
	Process ID:		704
	Application Name:	\device\harddiskvolume2\windows\system32\lsass.exe

Network Information:
	Direction:		Outbound
	Source Address:		172.18.38.5
	Source Port:		61609
	Destination Address:	172.18.38.5
	Destination Port:		53
	Protocol:		17

Filter Information:
	Filter Run-Time ID:	65854
	Layer Name:		Connect
	Layer Run-Time ID:	48"
,5156,,Security,,,,,,,,,,,,"The Windows Filtering Platform has permitted a connection.

Application Information:
	Process ID:		3616
	Application Name:	\device\harddiskvolume2\windows\system32\dns.exe

Network Information:
	Direction:		Inbound
	Source Address:		172.18.38.5
	Source Port:		61609
	Destination Address:	172.18.38.5
	Destination Port:		53
	Protocol:		17

Filter Information:
	Filter Run-Time ID:	65852
	Layer Name:		Receive/Accept
	Layer Run-Time ID:	44"
,5158,,Security,,,,,,,,,,,,"The Windows Filtering Platform has permitted a bind to a local port.

Application Information:
	Process ID:		704
	Application Name:	\device\harddiskvolume2\windows\system32\lsass.exe

Network Information:
	Source Address:		::
	Source Port:		60272
	Protocol:		17

Filter Information:
	Filter Run-Time ID:	0
	Layer Name:		Resource Assignment
	Layer Run-Time ID:	36"
,5158,,Security,,,,,,,,,,,,"The Windows Filtering Platform has permitted a bind to a local port.

Application Information:
	Process ID:		704
	Application Name:	\device\harddiskvolume2\windows\system32\lsass.exe

Network Information:
	Source Address:		::
	Source Port:		60272
	Protocol:		17

Filter Information:
	Filter Run-Time ID:	0
	Layer Name:		Resource Assignment
	Layer Run-Time ID:	38"
,5156,,Security,,,,,,,,,,,,"The Windows Filtering Platform has permitted a connection.

Application Information:
	Process ID:		704
	Application Name:	\device\harddiskvolume2\windows\system32\lsass.exe

Network Information:
	Direction:		Outbound
	Source Address:		::1
	Source Port:		60272
	Destination Address:	::1
	Destination Port:		53
	Protocol:		17

Filter Information:
	Filter Run-Time ID:	65853
	Layer Name:		Connect
	Layer Run-Time ID:	50"
,5156,,Security,,,,,,,,,,,,"The Windows Filtering Platform has permitted a connection.

Application Information:
	Process ID:		3616
	Application Name:	\device\harddiskvolume2\windows\system32\dns.exe

Network Information:
	Direction:		Inbound
	Source Address:		::1
	Source Port:		60272
	Destination Address:	::1
	Destination Port:		53
	Protocol:		17

Filter Information:
	Filter Run-Time ID:	65851
	Layer Name:		Receive/Accept
	Layer Run-Time ID:	46"
,5158,,Security,,,,,,,,,,,,"The Windows Filtering Platform has permitted a bind to a local port.

Application Information:
	Process ID:		704
	Application Name:	\device\harddiskvolume2\windows\system32\lsass.exe

Network Information:
	Source Address:		::
	Source Port:		62850
	Protocol:		17

Filter Information:
	Filter Run-Time ID:	0
	Layer Name:		Resource Assignment
	Layer Run-Time ID:	38"
,5158,,Security,,,,,,,,,,,,"The Windows Filtering Platform has permitted a bind to a local port.

Application Information:
	Process ID:		704
	Application Name:	\device\harddiskvolume2\windows\system32\lsass.exe

Network Information:
	Source Address:		0.0.0.0
	Source Port:		57332
	Protocol:		17

Filter Information:
	Filter Run-Time ID:	0
	Layer Name:		Resource Assignment
	Layer Run-Time ID:	36"
,5158,,Security,,,,,,,,,,,,"The Windows Filtering Platform has permitted a bind to a local port.

Application Information:
	Process ID:		704
	Application Name:	\device\harddiskvolume2\windows\system32\lsass.exe

Network Information:
	Source Address:		0.0.0.0
	Source Port:		61609
	Protocol:		17

Filter Information:
	Filter Run-Time ID:	0
	Layer Name:		Resource Assignment
	Layer Run-Time ID:	36"
,4663,,Security,,,,LOCAL SERVICE,NT AUTHORITY,0x3E5,,,,,,"An attempt was made to access an object.

Subject:
	Security ID:		S-1-5-19
	Account Name:		LOCAL SERVICE
	Account Domain:		NT AUTHORITY
	Logon ID:		0x3E5

Object:
	Object Server:		Security
	Object Type:		Key
	Object Name:		\REGISTRY\MACHINE\SYSTEM\ControlSet001\Control\Lsa
	Handle ID:		0x4f0
	Resource Attributes:	-

Process Information:
	Process ID:		0x788
	Process Name:		C:\Windows\System32\svchost.exe

Access Request Information:
	Accesses:		Query key value
				
	Access Mask:		0x1"
,4689,,Security,,,,WORKSTATION5$,THESHIRE,0x3E7,,,,,,"A process has exited.

Subject:
	Security ID:		S-1-5-18
	Account Name:		WORKSTATION5$
	Account Domain:		THESHIRE
	Logon ID:		0x3E7

Process Information:
	Process ID:	0xce8
	Process Name:	C:\Windows\System32\svchost.exe
	Exit Status:	0x0"
,5158,,Security,,,,,,,,,,,,"The Windows Filtering Platform has permitted a bind to a local port.

Application Information:
	Process ID:		3532
	Application Name:	\device\harddiskvolume2\windows\adws\microsoft.activedirectory.webservices.exe

Network Information:
	Source Address:		::
	Source Port:		54219
	Protocol:		6

Filter Information:
	Filter Run-Time ID:	0
	Layer Name:		Resource Assignment
	Layer Run-Time ID:	38"
,5156,,Security,,,,,,,,,,,,"The Windows Filtering Platform has permitted a connection.

Application Information:
	Process ID:		3860
	Application Name:	\device\harddiskvolume2\windowsazure\packages\guestagent\windowsazureguestagent.exe

Network Information:
	Direction:		Outbound
	Source Address:		172.18.38.5
	Source Port:		54221
	Destination Address:	169.254.169.254
	Destination Port:		80
	Protocol:		6

Filter Information:
	Filter Run-Time ID:	70402
	Layer Name:		Connect
	Layer Run-Time ID:	48"
,5158,,Security,,,,,,,,,,,,"The Windows Filtering Platform has permitted a bind to a local port.

Application Information:
	Process ID:		1648
	Application Name:	\device\harddiskvolume2\windows\system32\windowspowershell\v1.0\powershell.exe

Network Information:
	Source Address:		0.0.0.0
	Source Port:		65397
	Protocol:		6

Filter Information:
	Filter Run-Time ID:	0
	Layer Name:		Resource Assignment
	Layer Run-Time ID:	36"
,5156,,Security,,,,,,,,,,,,"The Windows Filtering Platform has permitted a connection.

Application Information:
	Process ID:		1648
	Application Name:	\device\harddiskvolume2\windows\system32\windowspowershell\v1.0\powershell.exe

Network Information:
	Direction:		Outbound
	Source Address:		172.18.39.5
	Source Port:		65397
	Destination Address:	10.10.10.5
	Destination Port:		80
	Protocol:		6

Filter Information:
	Filter Run-Time ID:	69420
	Layer Name:		Connect
	Layer Run-Time ID:	48"
,5156,,Security,,,,,,,,,,,,"The Windows Filtering Platform has permitted a connection.

Application Information:
	Process ID:		3472
	Application Name:	\device\harddiskvolume2\packages\plugins\microsoft.azure.networkwatcher.networkwatcheragentwindows\1.4.1587.1\networkwatcheragent\networkwatcheragent.exe

Network Information:
	Direction:		Outbound
	Source Address:		172.18.39.5
	Source Port:		52810
	Destination Address:	169.254.169.254
	Destination Port:		80
	Protocol:		6

Filter Information:
	Filter Run-Time ID:	69424
	Layer Name:		Connect
	Layer Run-Time ID:	48"
,5156,,Security,,,,,,,,,,,,"The Windows Filtering Platform has permitted a connection.

Application Information:
	Process ID:		3472
	Application Name:	\device\harddiskvolume2\packages\plugins\microsoft.azure.networkwatcher.networkwatcheragentwindows\1.4.1587.1\networkwatcheragent\networkwatcheragent.exe

Network Information:
	Direction:		Outbound
	Source Address:		172.18.39.5
	Source Port:		52810
	Destination Address:	169.254.169.254
	Destination Port:		80
	Protocol:		6

Filter Information:
	Filter Run-Time ID:	69424
	Layer Name:		Connect
	Layer Run-Time ID:	48"
,5156,,Security,,,,,,,,,,,,"The Windows Filtering Platform has permitted a connection.

Application Information:
	Process ID:		3548
	Application Name:	\device\harddiskvolume2\packages\plugins\microsoft.azure.networkwatcher.networkwatcheragentwindows\1.4.1587.1\networkwatcheragent\networkwatcheragent.exe

Network Information:
	Direction:		Outbound
	Source Address:		172.18.39.6
	Source Port:		50110
	Destination Address:	169.254.169.254
	Destination Port:		80
	Protocol:		6

Filter Information:
	Filter Run-Time ID:	69426
	Layer Name:		Connect
	Layer Run-Time ID:	48"
,5156,,Security,,,,,,,,,,,,"The Windows Filtering Platform has permitted a connection.

Application Information:
	Process ID:		3548
	Application Name:	\device\harddiskvolume2\packages\plugins\microsoft.azure.networkwatcher.networkwatcheragentwindows\1.4.1587.1\networkwatcheragent\networkwatcheragent.exe

Network Information:
	Direction:		Outbound
	Source Address:		172.18.39.6
	Source Port:		50110
	Destination Address:	169.254.169.254
	Destination Port:		80
	Protocol:		6

Filter Information:
	Filter Run-Time ID:	69426
	Layer Name:		Connect
	Layer Run-Time ID:	48"
,5158,,Security,,,,,,,,,,,,"The Windows Filtering Platform has permitted a bind to a local port.

Application Information:
	Process ID:		1648
	Application Name:	\device\harddiskvolume2\windows\system32\windowspowershell\v1.0\powershell.exe

Network Information:
	Source Address:		0.0.0.0
	Source Port:		65398
	Protocol:		6

Filter Information:
	Filter Run-Time ID:	0
	Layer Name:		Resource Assignment
	Layer Run-Time ID:	36"
,5158,,Security,,,,,,,,,,,,"The Windows Filtering Platform has permitted a bind to a local port.

Application Information:
	Process ID:		3860
	Application Name:	\device\harddiskvolume2\windowsazure\packages\guestagent\windowsazureguestagent.exe

Network Information:
	Source Address:		0.0.0.0
	Source Port:		54221
	Protocol:		6

Filter Information:
	Filter Run-Time ID:	0
	Layer Name:		Resource Assignment
	Layer Run-Time ID:	36"
,5156,,Security,,,,,,,,,,,,"The Windows Filtering Platform has permitted a connection.

Application Information:
	Process ID:		1648
	Application Name:	\device\harddiskvolume2\windows\system32\windowspowershell\v1.0\powershell.exe

Network Information:
	Direction:		Outbound
	Source Address:		172.18.39.5
	Source Port:		65398
	Destination Address:	10.10.10.5
	Destination Port:		80
	Protocol:		6

Filter Information:
	Filter Run-Time ID:	69420
	Layer Name:		Connect
	Layer Run-Time ID:	48"
,5158,,Security,,,,,,,,,,,,"The Windows Filtering Platform has permitted a bind to a local port.

Application Information:
	Process ID:		3280
	Application Name:	\device\harddiskvolume2\windows\system32\svchost.exe

Network Information:
	Source Address:		0.0.0.0
	Source Port:		65400
	Protocol:		6

Filter Information:
	Filter Run-Time ID:	0
	Layer Name:		Resource Assignment
	Layer Run-Time ID:	36"
,4656,,Security,,,,WORKSTATION6$,THESHIRE,0x3E7,,,,,,"A handle to an object was requested.

Subject:
	Security ID:		S-1-5-18
	Account Name:		WORKSTATION6$
	Account Domain:		THESHIRE
	Logon ID:		0x3E7

Object:
	Object Server:		SC Manager
	Object Type:		SC_MANAGER OBJECT
	Object Name:		ServicesActive
	Handle ID:		0x21849e4c5a0
	Resource Attributes:	-

Process Information:
	Process ID:		0x2dc
	Process Name:		C:\Windows\System32\services.exe

Access Request Information:
	Transaction ID:		{00000000-0000-0000-0000-000000000000}
	Accesses:		Connect to service controller
				
	Access Reasons:		-
	Access Mask:		0x1
	Privileges Used for Access Check:	-
	Restricted SID Count:	0"
,5158,,Security,,,,,,,,,,,,"The Windows Filtering Platform has permitted a bind to a local port.

Application Information:
	Process ID:		1648
	Application Name:	\device\harddiskvolume2\windows\system32\windowspowershell\v1.0\powershell.exe

Network Information:
	Source Address:		0.0.0.0
	Source Port:		65401
	Protocol:		6

Filter Information:
	Filter Run-Time ID:	0
	Layer Name:		Resource Assignment
	Layer Run-Time ID:	36"
,5156,,Security,,,,,,,,,,,,"The Windows Filtering Platform has permitted a connection.

Application Information:
	Process ID:		1648
	Application Name:	\device\harddiskvolume2\windows\system32\windowspowershell\v1.0\powershell.exe

Network Information:
	Direction:		Outbound
	Source Address:		172.18.39.5
	Source Port:		65401
	Destination Address:	10.10.10.5
	Destination Port:		80
	Protocol:		6

Filter Information:
	Filter Run-Time ID:	69420
	Layer Name:		Connect
	Layer Run-Time ID:	48"
,5156,,Security,,,,,,,,,,,,"The Windows Filtering Platform has permitted a connection.

Application Information:
	Process ID:		3472
	Application Name:	\device\harddiskvolume2\packages\plugins\microsoft.azure.networkwatcher.networkwatcheragentwindows\1.4.1587.1\networkwatcheragent\networkwatcheragent.exe

Network Information:
	Direction:		Outbound
	Source Address:		172.18.39.5
	Source Port:		52810
	Destination Address:	169.254.169.254
	Destination Port:		80
	Protocol:		6

Filter Information:
	Filter Run-Time ID:	69424
	Layer Name:		Connect
	Layer Run-Time ID:	48"
,5156,,Security,,,,,,,,,,,,"The Windows Filtering Platform has permitted a connection.

Application Information:
	Process ID:		3472
	Application Name:	\device\harddiskvolume2\packages\plugins\microsoft.azure.networkwatcher.networkwatcheragentwindows\1.4.1587.1\networkwatcheragent\networkwatcheragent.exe

Network Information:
	Direction:		Outbound
	Source Address:		172.18.39.5
	Source Port:		52810
	Destination Address:	169.254.169.254
	Destination Port:		80
	Protocol:		6

Filter Information:
	Filter Run-Time ID:	69424
	Layer Name:		Connect
	Layer Run-Time ID:	48"
,5156,,Security,,,,,,,,,,,,"The Windows Filtering Platform has permitted a connection.

Application Information:
	Process ID:		3548
	Application Name:	\device\harddiskvolume2\packages\plugins\microsoft.azure.networkwatcher.networkwatcheragentwindows\1.4.1587.1\networkwatcheragent\networkwatcheragent.exe

Network Information:
	Direction:		Outbound
	Source Address:		172.18.39.6
	Source Port:		50110
	Destination Address:	169.254.169.254
	Destination Port:		80
	Protocol:		6

Filter Information:
	Filter Run-Time ID:	69426
	Layer Name:		Connect
	Layer Run-Time ID:	48"
,5156,,Security,,,,,,,,,,,,"The Windows Filtering Platform has permitted a connection.

Application Information:
	Process ID:		3548
	Application Name:	\device\harddiskvolume2\packages\plugins\microsoft.azure.networkwatcher.networkwatcheragentwindows\1.4.1587.1\networkwatcheragent\networkwatcheragent.exe

Network Information:
	Direction:		Outbound
	Source Address:		172.18.39.6
	Source Port:		50110
	Destination Address:	169.254.169.254
	Destination Port:		80
	Protocol:		6

Filter Information:
	Filter Run-Time ID:	69426
	Layer Name:		Connect
	Layer Run-Time ID:	48"
,5158,,Security,,,,,,,,,,,,"The Windows Filtering Platform has permitted a bind to a local port.

Application Information:
	Process ID:		3280
	Application Name:	\device\harddiskvolume2\windows\system32\svchost.exe

Network Information:
	Source Address:		0.0.0.0
	Source Port:		65399
	Protocol:		6

Filter Information:
	Filter Run-Time ID:	0
	Layer Name:		Resource Assignment
	Layer Run-Time ID:	36"
,5156,,Security,,,,,,,,,,,,"The Windows Filtering Platform has permitted a connection.

Application Information:
	Process ID:		3472
	Application Name:	\device\harddiskvolume2\packages\plugins\microsoft.azure.networkwatcher.networkwatcheragentwindows\1.4.1587.1\networkwatcheragent\networkwatcheragent.exe

Network Information:
	Direction:		Outbound
	Source Address:		172.18.39.5
	Source Port:		52810
	Destination Address:	169.254.169.254
	Destination Port:		80
	Protocol:		6

Filter Information:
	Filter Run-Time ID:	69424
	Layer Name:		Connect
	Layer Run-Time ID:	48"
,5156,,Security,,,,,,,,,,,,"The Windows Filtering Platform has permitted a connection.

Application Information:
	Process ID:		6480
	Application Name:	\device\harddiskvolume2\windowsazure\secagent\wasecagentprov.exe

Network Information:
	Direction:		Outbound
	Source Address:		172.18.38.5
	Source Port:		54220
	Destination Address:	168.63.129.16
	Destination Port:		80
	Protocol:		6

Filter Information:
	Filter Run-Time ID:	68718
	Layer Name:		Connect
	Layer Run-Time ID:	48"
,5156,,Security,,,,,,,,,,,,"The Windows Filtering Platform has permitted a connection.

Application Information:
	Process ID:		1648
	Application Name:	\device\harddiskvolume2\windows\system32\windowspowershell\v1.0\powershell.exe

Network Information:
	Direction:		Outbound
	Source Address:		172.18.39.5
	Source Port:		65396
	Destination Address:	10.10.10.5
	Destination Port:		80
	Protocol:		6

Filter Information:
	Filter Run-Time ID:	69420
	Layer Name:		Connect
	Layer Run-Time ID:	48"
,5156,,Security,,,,,,,,,,,,"The Windows Filtering Platform has permitted a connection.

Application Information:
	Process ID:		3532
	Application Name:	\device\harddiskvolume2\windows\adws\microsoft.activedirectory.webservices.exe

Network Information:
	Direction:		Outbound
	Source Address:		::1
	Source Port:		54219
	Destination Address:	::1
	Destination Port:		389
	Protocol:		6

Filter Information:
	Filter Run-Time ID:	65853
	Layer Name:		Connect
	Layer Run-Time ID:	50"
,5156,,Security,,,,,,,,,,,,"The Windows Filtering Platform has permitted a connection.

Application Information:
	Process ID:		704
	Application Name:	\device\harddiskvolume2\windows\system32\lsass.exe

Network Information:
	Direction:		Inbound
	Source Address:		::1
	Source Port:		54219
	Destination Address:	::1
	Destination Port:		389
	Protocol:		6

Filter Information:
	Filter Run-Time ID:	65851
	Layer Name:		Receive/Accept
	Layer Run-Time ID:	46"
,4672,,Security,,,,MORDORDC$,THESHIRE,0x2B6E52E,,,"SeSecurityPrivilege, SeBackupPrivilege, SeRestorePrivilege, SeTakeOwnershipPrivilege, SeDebugPrivilege, SeSystemEnvironmentPrivilege, SeLoadDriverPrivilege, SeImpersonatePrivilege, SeDelegateSessionUserImpersonatePrivilege, SeEnableDelegationPrivilege",,,"Special privileges assigned to new logon.

Subject:
	Security ID:		S-1-5-18
	Account Name:		MORDORDC$
	Account Domain:		THESHIRE
	Logon ID:		0x2B6E52E

Privileges:		SeSecurityPrivilege
			SeBackupPrivilege
			SeRestorePrivilege
			SeTakeOwnershipPrivilege
			SeDebugPrivilege
			SeSystemEnvironmentPrivilege
			SeLoadDriverPrivilege
			SeImpersonatePrivilege
			SeDelegateSessionUserImpersonatePrivilege
			SeEnableDelegationPrivilege"
,4624,,Security,,,,-,-,0x0,,,,3,-,"An account was successfully logged on.

Subject:
	Security ID:		S-1-0-0
	Account Name:		-
	Account Domain:		-
	Logon ID:		0x0

Logon Information:
	Logon Type:		3
	Restricted Admin Mode:	-
	Virtual Account:		No
	Elevated Token:		Yes

Impersonation Level:		Impersonation

New Logon:
	Security ID:		S-1-5-18
	Account Name:		MORDORDC$
	Account Domain:		THESHIRE.LOCAL
	Logon ID:		0x2B6E52E
	Linked Logon ID:		0x0
	Network Account Name:	-
	Network Account Domain:	-
	Logon GUID:		{b11b2054-2976-9513-aba5-ec34450ba878}

Process Information:
	Process ID:		0x0
	Process Name:		-

Network Information:
	Workstation Name:	-
	Source Network Address:	::1
	Source Port:		54219

Detailed Authentication Information:
	Logon Process:		Kerberos
	Authentication Package:	Kerberos
	Transited Services:	-
	Package Name (NTLM only):	-
	Key Length:		0

This event is generated when a logon session is created. It is generated on the computer that was accessed.

The subject fields indicate the account on the local system which requested the logon. This is most commonly a service such as the Server service, or a local process such as Winlogon.exe or Services.exe.

The logon type field indicates the kind of logon that occurred. The most common types are 2 (interactive) and 3 (network).

The New Logon fields indicate the account for whom the new logon was created, i.e. the account that was logged on.

The network fields indicate where a remote logon request originated. Workstation name is not always available and may be left blank in some cases.

The impersonation level field indicates the extent to which a process in the logon session can impersonate.

The authentication information fields provide detailed information about this specific logon request.
	- Logon GUID is a unique identifier that can be used to correlate this event with a KDC event.
	- Transited services indicate which intermediate services have participated in this logon request.
	- Package name indicates which sub-protocol was used among the NTLM protocols.
	- Key length indicates the length of the generated session key. This will be 0 if no session key was requested."
,4627,,Security,,,,-,-,0x0,,,,,,"Group membership information.

Subject:
	Security ID:		S-1-0-0
	Account Name:		-
	Account Domain:		-
	Logon ID:		0x0

Logon Type:			3

New Logon:
	Security ID:		S-1-5-18
	Account Name:		MORDORDC$
	Account Domain:		THESHIRE.LOCAL
	Logon ID:		0x2B6E52E

Event in sequence:		1 of 1

Group Membership:			
		%{S-1-5-32-544}
		%{S-1-1-0}
		%{S-1-5-32-554}
		%{S-1-5-32-545}
		%{S-1-5-32-555}
		%{S-1-5-32-560}
		%{S-1-5-2}
		%{S-1-5-11}
		%{S-1-5-15}
		%{S-1-5-21-1363495622-3806888128-621328882-1000}
		%{S-1-5-21-1363495622-3806888128-621328882-516}
		%{S-1-5-9}
		%{S-1-18-1}
		%{S-1-5-21-1363495622-3806888128-621328882-572}
		%{S-1-16-16384}

The subject fields indicate the account on the local system which requested the logon. This is most commonly a service such as the Server service, or a local process such as Winlogon.exe or Services.exe.

The logon type field indicates the kind of logon that occurred. The most common types are 2 (interactive) and 3 (network).

The New Logon fields indicate the account for whom the new logon was created, i.e. the account that was logged on.

This event is generated when the Audit Group Membership subcategory is configured.  The Logon ID field can be used to correlate this event with the corresponding user logon event as well as to any other security audit events generated during this logon session."
,4634,,Security,,,,MORDORDC$,THESHIRE,0x2B6E52E,,,,,,"An account was logged off.

Subject:
	Security ID:		S-1-5-18
	Account Name:		MORDORDC$
	Account Domain:		THESHIRE
	Logon ID:		0x2B6E52E

Logon Type:			3

This event is generated when a logon session is destroyed. It may be positively correlated with a logon event using the Logon ID value. Logon IDs are only unique between reboots on the same computer."
,5156,,Security,,,,,,,,,,,,"The Windows Filtering Platform has permitted a connection.

Application Information:
	Process ID:		3548
	Application Name:	\device\harddiskvolume2\packages\plugins\microsoft.azure.networkwatcher.networkwatcheragentwindows\1.4.1587.1\networkwatcheragent\networkwatcheragent.exe

Network Information:
	Direction:		Outbound
	Source Address:		172.18.39.6
	Source Port:		50110
	Destination Address:	169.254.169.254
	Destination Port:		80
	Protocol:		6

Filter Information:
	Filter Run-Time ID:	69426
	Layer Name:		Connect
	Layer Run-Time ID:	48"
,5156,,Security,,,,,,,,,,,,"The Windows Filtering Platform has permitted a connection.

Application Information:
	Process ID:		3548
	Application Name:	\device\harddiskvolume2\packages\plugins\microsoft.azure.networkwatcher.networkwatcheragentwindows\1.4.1587.1\networkwatcheragent\networkwatcheragent.exe

Network Information:
	Direction:		Outbound
	Source Address:		172.18.39.6
	Source Port:		50110
	Destination Address:	169.254.169.254
	Destination Port:		80
	Protocol:		6

Filter Information:
	Filter Run-Time ID:	69426
	Layer Name:		Connect
	Layer Run-Time ID:	48"
,5158,,Security,,,,,,,,,,,,"The Windows Filtering Platform has permitted a bind to a local port.

Application Information:
	Process ID:		6480
	Application Name:	\device\harddiskvolume2\windowsazure\secagent\wasecagentprov.exe

Network Information:
	Source Address:		0.0.0.0
	Source Port:		54220
	Protocol:		6

Filter Information:
	Filter Run-Time ID:	0
	Layer Name:		Resource Assignment
	Layer Run-Time ID:	36"
,5158,,Security,,,,,,,,,,,,"The Windows Filtering Platform has permitted a bind to a local port.

Application Information:
	Process ID:		1648
	Application Name:	\device\harddiskvolume2\windows\system32\windowspowershell\v1.0\powershell.exe

Network Information:
	Source Address:		0.0.0.0
	Source Port:		65394
	Protocol:		6

Filter Information:
	Filter Run-Time ID:	0
	Layer Name:		Resource Assignment
	Layer Run-Time ID:	36"
,5158,,Security,,,,,,,,,,,,"The Windows Filtering Platform has permitted a bind to a local port.

Application Information:
	Process ID:		3120
	Application Name:	\device\harddiskvolume2\windows\system32\svchost.exe

Network Information:
	Source Address:		0.0.0.0
	Source Port:		62615
	Protocol:		6

Filter Information:
	Filter Run-Time ID:	0
	Layer Name:		Resource Assignment
	Layer Run-Time ID:	36"
,5158,,Security,,,,,,,,,,,,"The Windows Filtering Platform has permitted a bind to a local port.

Application Information:
	Process ID:		1648
	Application Name:	\device\harddiskvolume2\windows\system32\windowspowershell\v1.0\powershell.exe

Network Information:
	Source Address:		0.0.0.0
	Source Port:		65395
	Protocol:		6

Filter Information:
	Filter Run-Time ID:	0
	Layer Name:		Resource Assignment
	Layer Run-Time ID:	36"
,5156,,Security,,,,,,,,,,,,"The Windows Filtering Platform has permitted a connection.

Application Information:
	Process ID:		1648
	Application Name:	\device\harddiskvolume2\windows\system32\windowspowershell\v1.0\powershell.exe

Network Information:
	Direction:		Outbound
	Source Address:		172.18.39.5
	Source Port:		65395
	Destination Address:	10.10.10.5
	Destination Port:		80
	Protocol:		6

Filter Information:
	Filter Run-Time ID:	69420
	Layer Name:		Connect
	Layer Run-Time ID:	48"
,5156,,Security,,,,,,,,,,,,"The Windows Filtering Platform has permitted a connection.

Application Information:
	Process ID:		3472
	Application Name:	\device\harddiskvolume2\packages\plugins\microsoft.azure.networkwatcher.networkwatcheragentwindows\1.4.1587.1\networkwatcheragent\networkwatcheragent.exe

Network Information:
	Direction:		Outbound
	Source Address:		172.18.39.5
	Source Port:		52810
	Destination Address:	169.254.169.254
	Destination Port:		80
	Protocol:		6

Filter Information:
	Filter Run-Time ID:	69424
	Layer Name:		Connect
	Layer Run-Time ID:	48"
,5156,,Security,,,,,,,,,,,,"The Windows Filtering Platform has permitted a connection.

Application Information:
	Process ID:		3472
	Application Name:	\device\harddiskvolume2\packages\plugins\microsoft.azure.networkwatcher.networkwatcheragentwindows\1.4.1587.1\networkwatcheragent\networkwatcheragent.exe

Network Information:
	Direction:		Outbound
	Source Address:		172.18.39.5
	Source Port:		52810
	Destination Address:	169.254.169.254
	Destination Port:		80
	Protocol:		6

Filter Information:
	Filter Run-Time ID:	69424
	Layer Name:		Connect
	Layer Run-Time ID:	48"
,5156,,Security,,,,,,,,,,,,"The Windows Filtering Platform has permitted a connection.

Application Information:
	Process ID:		3548
	Application Name:	\device\harddiskvolume2\packages\plugins\microsoft.azure.networkwatcher.networkwatcheragentwindows\1.4.1587.1\networkwatcheragent\networkwatcheragent.exe

Network Information:
	Direction:		Outbound
	Source Address:		172.18.39.6
	Source Port:		50110
	Destination Address:	169.254.169.254
	Destination Port:		80
	Protocol:		6

Filter Information:
	Filter Run-Time ID:	69426
	Layer Name:		Connect
	Layer Run-Time ID:	48"
,5156,,Security,,,,,,,,,,,,"The Windows Filtering Platform has permitted a connection.

Application Information:
	Process ID:		3548
	Application Name:	\device\harddiskvolume2\packages\plugins\microsoft.azure.networkwatcher.networkwatcheragentwindows\1.4.1587.1\networkwatcheragent\networkwatcheragent.exe

Network Information:
	Direction:		Outbound
	Source Address:		172.18.39.6
	Source Port:		50110
	Destination Address:	169.254.169.254
	Destination Port:		80
	Protocol:		6

Filter Information:
	Filter Run-Time ID:	69426
	Layer Name:		Connect
	Layer Run-Time ID:	48"
,5158,,Security,,,,,,,,,,,,"The Windows Filtering Platform has permitted a bind to a local port.

Application Information:
	Process ID:		1648
	Application Name:	\device\harddiskvolume2\windows\system32\windowspowershell\v1.0\powershell.exe

Network Information:
	Source Address:		0.0.0.0
	Source Port:		65396
	Protocol:		6

Filter Information:
	Filter Run-Time ID:	0
	Layer Name:		Resource Assignment
	Layer Run-Time ID:	36"
,5156,,Security,,,,,,,,,,,,"The Windows Filtering Platform has permitted a connection.

Application Information:
	Process ID:		1648
	Application Name:	\device\harddiskvolume2\windows\system32\windowspowershell\v1.0\powershell.exe

Network Information:
	Direction:		Outbound
	Source Address:		172.18.39.5
	Source Port:		65394
	Destination Address:	10.10.10.5
	Destination Port:		80
	Protocol:		6

Filter Information:
	Filter Run-Time ID:	69420
	Layer Name:		Connect
	Layer Run-Time ID:	48"
,4658,,Security,,,,LOCAL SERVICE,NT AUTHORITY,0x3E5,,,,,,"The handle to an object was closed.

Subject :
	Security ID:		S-1-5-19
	Account Name:		LOCAL SERVICE
	Account Domain:		NT AUTHORITY
	Logon ID:		0x3E5

Object:
	Object Server:		Security
	Handle ID:		0x4f0

Process Information:
	Process ID:		0x788
	Process Name:		C:\Windows\System32\svchost.exe"
,4690,,Security,,,,LOCAL SERVICE,NT AUTHORITY,0x3E5,,,,,,"An attempt was made to duplicate a handle to an object.

Subject:
	Security ID:		S-1-5-19
	Account Name:		LOCAL SERVICE
	Account Domain:		NT AUTHORITY
	Logon ID:		0x3E5

Source Handle Information:
	Source Handle ID:	0x4bc
	Source Process ID:	0x788

New Handle Information:
	Target Handle ID:	0x1bc
	Target Process ID:	0x4"
,4658,,Security,,,,LOCAL SERVICE,NT AUTHORITY,0x3E5,,,,,,"The handle to an object was closed.

Subject :
	Security ID:		S-1-5-19
	Account Name:		LOCAL SERVICE
	Account Domain:		NT AUTHORITY
	Logon ID:		0x3E5

Object:
	Object Server:		Security
	Handle ID:		0x1bc

Process Information:
	Process ID:		0x788
	Process Name:		C:\Windows\System32\svchost.exe"
,4656,,Security,,,,LOCAL SERVICE,NT AUTHORITY,0x3E5,,,,,,"A handle to an object was requested.

Subject:
	Security ID:		S-1-5-19
	Account Name:		LOCAL SERVICE
	Account Domain:		NT AUTHORITY
	Logon ID:		0x3E5

Object:
	Object Server:		Security
	Object Type:		Key
	Object Name:		\REGISTRY\MACHINE\SYSTEM\ControlSet001\Control\Lsa
	Handle ID:		0x5f8
	Resource Attributes:	-

Process Information:
	Process ID:		0x788
	Process Name:		C:\Windows\System32\svchost.exe

Access Request Information:
	Transaction ID:		{00000000-0000-0000-0000-000000000000}
	Accesses:		Query key value
				
	Access Reasons:		-
	Access Mask:		0x1
	Privileges Used for Access Check:	-
	Restricted SID Count:	5"
,4663,,Security,,,,LOCAL SERVICE,NT AUTHORITY,0x3E5,,,,,,"An attempt was made to access an object.

Subject:
	Security ID:		S-1-5-19
	Account Name:		LOCAL SERVICE
	Account Domain:		NT AUTHORITY
	Logon ID:		0x3E5

Object:
	Object Server:		Security
	Object Type:		Key
	Object Name:		\REGISTRY\MACHINE\SYSTEM\ControlSet001\Control\Lsa
	Handle ID:		0x5f8
	Resource Attributes:	-

Process Information:
	Process ID:		0x788
	Process Name:		C:\Windows\System32\svchost.exe

Access Request Information:
	Accesses:		Query key value
				
	Access Mask:		0x1"
,4658,,Security,,,,LOCAL SERVICE,NT AUTHORITY,0x3E5,,,,,,"The handle to an object was closed.

Subject :
	Security ID:		S-1-5-19
	Account Name:		LOCAL SERVICE
	Account Domain:		NT AUTHORITY
	Logon ID:		0x3E5

Object:
	Object Server:		Security
	Handle ID:		0x5f8

Process Information:
	Process ID:		0x788
	Process Name:		C:\Windows\System32\svchost.exe"
,4690,,Security,,,,LOCAL SERVICE,NT AUTHORITY,0x3E5,,,,,,"An attempt was made to duplicate a handle to an object.

Subject:
	Security ID:		S-1-5-19
	Account Name:		LOCAL SERVICE
	Account Domain:		NT AUTHORITY
	Logon ID:		0x3E5

Source Handle Information:
	Source Handle ID:	0x4a4
	Source Process ID:	0x788

New Handle Information:
	Target Handle ID:	0x1bc
	Target Process ID:	0x4"
,4658,,Security,,,,LOCAL SERVICE,NT AUTHORITY,0x3E5,,,,,,"The handle to an object was closed.

Subject :
	Security ID:		S-1-5-19
	Account Name:		LOCAL SERVICE
	Account Domain:		NT AUTHORITY
	Logon ID:		0x3E5

Object:
	Object Server:		Security
	Handle ID:		0x1bc

Process Information:
	Process ID:		0x788
	Process Name:		C:\Windows\System32\svchost.exe"
,4656,,Security,,,,LOCAL SERVICE,NT AUTHORITY,0x3E5,,,,,,"A handle to an object was requested.

Subject:
	Security ID:		S-1-5-19
	Account Name:		LOCAL SERVICE
	Account Domain:		NT AUTHORITY
	Logon ID:		0x3E5

Object:
	Object Server:		Security
	Object Type:		Key
	Object Name:		\REGISTRY\MACHINE\SYSTEM\ControlSet001\Control\Lsa
	Handle ID:		0x4a4
	Resource Attributes:	-

Process Information:
	Process ID:		0x788
	Process Name:		C:\Windows\System32\svchost.exe

Access Request Information:
	Transaction ID:		{00000000-0000-0000-0000-000000000000}
	Accesses:		Query key value
				
	Access Reasons:		-
	Access Mask:		0x1
	Privileges Used for Access Check:	-
	Restricted SID Count:	5"
,4663,,Security,,,,LOCAL SERVICE,NT AUTHORITY,0x3E5,,,,,,"An attempt was made to access an object.

Subject:
	Security ID:		S-1-5-19
	Account Name:		LOCAL SERVICE
	Account Domain:		NT AUTHORITY
	Logon ID:		0x3E5

Object:
	Object Server:		Security
	Object Type:		Key
	Object Name:		\REGISTRY\MACHINE\SYSTEM\ControlSet001\Control\Lsa
	Handle ID:		0x4a4
	Resource Attributes:	-

Process Information:
	Process ID:		0x788
	Process Name:		C:\Windows\System32\svchost.exe

Access Request Information:
	Accesses:		Query key value
				
	Access Mask:		0x1"
,4658,,Security,,,,LOCAL SERVICE,NT AUTHORITY,0x3E5,,,,,,"The handle to an object was closed.

Subject :
	Security ID:		S-1-5-19
	Account Name:		LOCAL SERVICE
	Account Domain:		NT AUTHORITY
	Logon ID:		0x3E5

Object:
	Object Server:		Security
	Handle ID:		0x4a4

Process Information:
	Process ID:		0x788
	Process Name:		C:\Windows\System32\svchost.exe"
,4658,,Security,,,,LOCAL SERVICE,NT AUTHORITY,0x3E5,,,,,,"The handle to an object was closed.

Subject :
	Security ID:		S-1-5-19
	Account Name:		LOCAL SERVICE
	Account Domain:		NT AUTHORITY
	Logon ID:		0x3E5

Object:
	Object Server:		Security
	Handle ID:		0x2624

Process Information:
	Process ID:		0x788
	Process Name:		C:\Windows\System32\svchost.exe"
,4690,,Security,,,,LOCAL SERVICE,NT AUTHORITY,0x3E5,,,,,,"An attempt was made to duplicate a handle to an object.

Subject:
	Security ID:		S-1-5-19
	Account Name:		LOCAL SERVICE
	Account Domain:		NT AUTHORITY
	Logon ID:		0x3E5

Source Handle Information:
	Source Handle ID:	0x5f8
	Source Process ID:	0x788

New Handle Information:
	Target Handle ID:	0x2624
	Target Process ID:	0x4"
,4656,,Security,,,,LOCAL SERVICE,NT AUTHORITY,0x3E5,,,,,,"A handle to an object was requested.

Subject:
	Security ID:		S-1-5-19
	Account Name:		LOCAL SERVICE
	Account Domain:		NT AUTHORITY
	Logon ID:		0x3E5

Object:
	Object Server:		Security
	Object Type:		Key
	Object Name:		\REGISTRY\MACHINE\SYSTEM\ControlSet001\Control\Lsa
	Handle ID:		0x5f8
	Resource Attributes:	-

Process Information:
	Process ID:		0x788
	Process Name:		C:\Windows\System32\svchost.exe

Access Request Information:
	Transaction ID:		{00000000-0000-0000-0000-000000000000}
	Accesses:		Query key value
				
	Access Reasons:		-
	Access Mask:		0x1
	Privileges Used for Access Check:	-
	Restricted SID Count:	5"
,4663,,Security,,,,LOCAL SERVICE,NT AUTHORITY,0x3E5,,,,,,"An attempt was made to access an object.

Subject:
	Security ID:		S-1-5-19
	Account Name:		LOCAL SERVICE
	Account Domain:		NT AUTHORITY
	Logon ID:		0x3E5

Object:
	Object Server:		Security
	Object Type:		Key
	Object Name:		\REGISTRY\MACHINE\SYSTEM\ControlSet001\Control\Lsa
	Handle ID:		0x5f8
	Resource Attributes:	-

Process Information:
	Process ID:		0x788
	Process Name:		C:\Windows\System32\svchost.exe

Access Request Information:
	Accesses:		Query key value
				
	Access Mask:		0x1"
,4658,,Security,,,,LOCAL SERVICE,NT AUTHORITY,0x3E5,,,,,,"The handle to an object was closed.

Subject :
	Security ID:		S-1-5-19
	Account Name:		LOCAL SERVICE
	Account Domain:		NT AUTHORITY
	Logon ID:		0x3E5

Object:
	Object Server:		Security
	Handle ID:		0x5f8

Process Information:
	Process ID:		0x788
	Process Name:		C:\Windows\System32\svchost.exe"
,4690,,Security,,,,LOCAL SERVICE,NT AUTHORITY,0x3E5,,,,,,"An attempt was made to duplicate a handle to an object.

Subject:
	Security ID:		S-1-5-19
	Account Name:		LOCAL SERVICE
	Account Domain:		NT AUTHORITY
	Logon ID:		0x3E5

Source Handle Information:
	Source Handle ID:	0x4a4
	Source Process ID:	0x788

New Handle Information:
	Target Handle ID:	0x1bc
	Target Process ID:	0x4"
,4658,,Security,,,,LOCAL SERVICE,NT AUTHORITY,0x3E5,,,,,,"The handle to an object was closed.

Subject :
	Security ID:		S-1-5-19
	Account Name:		LOCAL SERVICE
	Account Domain:		NT AUTHORITY
	Logon ID:		0x3E5

Object:
	Object Server:		Security
	Handle ID:		0x1bc

Process Information:
	Process ID:		0x788
	Process Name:		C:\Windows\System32\svchost.exe"
,4656,,Security,,,,LOCAL SERVICE,NT AUTHORITY,0x3E5,,,,,,"A handle to an object was requested.

Subject:
	Security ID:		S-1-5-19
	Account Name:		LOCAL SERVICE
	Account Domain:		NT AUTHORITY
	Logon ID:		0x3E5

Object:
	Object Server:		Security
	Object Type:		Key
	Object Name:		\REGISTRY\MACHINE\SYSTEM\ControlSet001\Control\Lsa
	Handle ID:		0x4a4
	Resource Attributes:	-

Process Information:
	Process ID:		0x788
	Process Name:		C:\Windows\System32\svchost.exe

Access Request Information:
	Transaction ID:		{00000000-0000-0000-0000-000000000000}
	Accesses:		Query key value
				
	Access Reasons:		-
	Access Mask:		0x1
	Privileges Used for Access Check:	-
	Restricted SID Count:	5"
,4663,,Security,,,,LOCAL SERVICE,NT AUTHORITY,0x3E5,,,,,,"An attempt was made to access an object.

Subject:
	Security ID:		S-1-5-19
	Account Name:		LOCAL SERVICE
	Account Domain:		NT AUTHORITY
	Logon ID:		0x3E5

Object:
	Object Server:		Security
	Object Type:		Key
	Object Name:		\REGISTRY\MACHINE\SYSTEM\ControlSet001\Control\Lsa
	Handle ID:		0x4a4
	Resource Attributes:	-

Process Information:
	Process ID:		0x788
	Process Name:		C:\Windows\System32\svchost.exe

Access Request Information:
	Accesses:		Query key value
				
	Access Mask:		0x1"
,4658,,Security,,,,LOCAL SERVICE,NT AUTHORITY,0x3E5,,,,,,"The handle to an object was closed.

Subject :
	Security ID:		S-1-5-19
	Account Name:		LOCAL SERVICE
	Account Domain:		NT AUTHORITY
	Logon ID:		0x3E5

Object:
	Object Server:		Security
	Handle ID:		0x4a4

Process Information:
	Process ID:		0x788
	Process Name:		C:\Windows\System32\svchost.exe"
,4658,,Security,,,,LOCAL SERVICE,NT AUTHORITY,0x3E5,,,,,,"The handle to an object was closed.

Subject :
	Security ID:		S-1-5-19
	Account Name:		LOCAL SERVICE
	Account Domain:		NT AUTHORITY
	Logon ID:		0x3E5

Object:
	Object Server:		Security
	Handle ID:		0x2624

Process Information:
	Process ID:		0x788
	Process Name:		C:\Windows\System32\svchost.exe"
,4690,,Security,,,,LOCAL SERVICE,NT AUTHORITY,0x3E5,,,,,,"An attempt was made to duplicate a handle to an object.

Subject:
	Security ID:		S-1-5-19
	Account Name:		LOCAL SERVICE
	Account Domain:		NT AUTHORITY
	Logon ID:		0x3E5

Source Handle Information:
	Source Handle ID:	0x5f8
	Source Process ID:	0x788

New Handle Information:
	Target Handle ID:	0x1bc
	Target Process ID:	0x4"
,4690,,Security,,,,LOCAL SERVICE,NT AUTHORITY,0x3E5,,,,,,"An attempt was made to duplicate a handle to an object.

Subject:
	Security ID:		S-1-5-19
	Account Name:		LOCAL SERVICE
	Account Domain:		NT AUTHORITY
	Logon ID:		0x3E5

Source Handle Information:
	Source Handle ID:	0x5f8
	Source Process ID:	0x788

New Handle Information:
	Target Handle ID:	0x2624
	Target Process ID:	0x4"
,4663,,Security,,,,LOCAL SERVICE,NT AUTHORITY,0x3E5,,,,,,"An attempt was made to access an object.

Subject:
	Security ID:		S-1-5-19
	Account Name:		LOCAL SERVICE
	Account Domain:		NT AUTHORITY
	Logon ID:		0x3E5

Object:
	Object Server:		Security
	Object Type:		Key
	Object Name:		\REGISTRY\MACHINE\SYSTEM\ControlSet001\Control\Lsa
	Handle ID:		0x4bc
	Resource Attributes:	-

Process Information:
	Process ID:		0x788
	Process Name:		C:\Windows\System32\svchost.exe

Access Request Information:
	Accesses:		Query key value
				
	Access Mask:		0x1"
,4690,,Security,,,,LOCAL SERVICE,NT AUTHORITY,0x3E5,,,,,,"An attempt was made to duplicate a handle to an object.

Subject:
	Security ID:		S-1-5-19
	Account Name:		LOCAL SERVICE
	Account Domain:		NT AUTHORITY
	Logon ID:		0x3E5

Source Handle Information:
	Source Handle ID:	0x4f0
	Source Process ID:	0x788

New Handle Information:
	Target Handle ID:	0x1dfc
	Target Process ID:	0x4"
,4658,,Security,,,,LOCAL SERVICE,NT AUTHORITY,0x3E5,,,,,,"The handle to an object was closed.

Subject :
	Security ID:		S-1-5-19
	Account Name:		LOCAL SERVICE
	Account Domain:		NT AUTHORITY
	Logon ID:		0x3E5

Object:
	Object Server:		Security
	Handle ID:		0x1dfc

Process Information:
	Process ID:		0x788
	Process Name:		C:\Windows\System32\svchost.exe"
,4656,,Security,,,,LOCAL SERVICE,NT AUTHORITY,0x3E5,,,,,,"A handle to an object was requested.

Subject:
	Security ID:		S-1-5-19
	Account Name:		LOCAL SERVICE
	Account Domain:		NT AUTHORITY
	Logon ID:		0x3E5

Object:
	Object Server:		Security
	Object Type:		Key
	Object Name:		\REGISTRY\MACHINE\SYSTEM\ControlSet001\Control\Lsa
	Handle ID:		0x4f0
	Resource Attributes:	-

Process Information:
	Process ID:		0x788
	Process Name:		C:\Windows\System32\svchost.exe

Access Request Information:
	Transaction ID:		{00000000-0000-0000-0000-000000000000}
	Accesses:		Query key value
				
	Access Reasons:		-
	Access Mask:		0x1
	Privileges Used for Access Check:	-
	Restricted SID Count:	5"
,4663,,Security,,,,LOCAL SERVICE,NT AUTHORITY,0x3E5,,,,,,"An attempt was made to access an object.

Subject:
	Security ID:		S-1-5-19
	Account Name:		LOCAL SERVICE
	Account Domain:		NT AUTHORITY
	Logon ID:		0x3E5

Object:
	Object Server:		Security
	Object Type:		Key
	Object Name:		\REGISTRY\MACHINE\SYSTEM\ControlSet001\Control\Lsa
	Handle ID:		0x4f0
	Resource Attributes:	-

Process Information:
	Process ID:		0x788
	Process Name:		C:\Windows\System32\svchost.exe

Access Request Information:
	Accesses:		Query key value
				
	Access Mask:		0x1"
,4658,,Security,,,,LOCAL SERVICE,NT AUTHORITY,0x3E5,,,,,,"The handle to an object was closed.

Subject :
	Security ID:		S-1-5-19
	Account Name:		LOCAL SERVICE
	Account Domain:		NT AUTHORITY
	Logon ID:		0x3E5

Object:
	Object Server:		Security
	Handle ID:		0x4f0

Process Information:
	Process ID:		0x788
	Process Name:		C:\Windows\System32\svchost.exe"
,4690,,Security,,,,LOCAL SERVICE,NT AUTHORITY,0x3E5,,,,,,"An attempt was made to duplicate a handle to an object.

Subject:
	Security ID:		S-1-5-19
	Account Name:		LOCAL SERVICE
	Account Domain:		NT AUTHORITY
	Logon ID:		0x3E5

Source Handle Information:
	Source Handle ID:	0x4bc
	Source Process ID:	0x788

New Handle Information:
	Target Handle ID:	0x1884
	Target Process ID:	0x4"
,4658,,Security,,,,LOCAL SERVICE,NT AUTHORITY,0x3E5,,,,,,"The handle to an object was closed.

Subject :
	Security ID:		S-1-5-19
	Account Name:		LOCAL SERVICE
	Account Domain:		NT AUTHORITY
	Logon ID:		0x3E5

Object:
	Object Server:		Security
	Handle ID:		0x1884

Process Information:
	Process ID:		0x788
	Process Name:		C:\Windows\System32\svchost.exe"
,4656,,Security,,,,LOCAL SERVICE,NT AUTHORITY,0x3E5,,,,,,"A handle to an object was requested.

Subject:
	Security ID:		S-1-5-19
	Account Name:		LOCAL SERVICE
	Account Domain:		NT AUTHORITY
	Logon ID:		0x3E5

Object:
	Object Server:		Security
	Object Type:		Key
	Object Name:		\REGISTRY\MACHINE\SYSTEM\ControlSet001\Control\Lsa
	Handle ID:		0x4bc
	Resource Attributes:	-

Process Information:
	Process ID:		0x788
	Process Name:		C:\Windows\System32\svchost.exe

Access Request Information:
	Transaction ID:		{00000000-0000-0000-0000-000000000000}
	Accesses:		Query key value
				
	Access Reasons:		-
	Access Mask:		0x1
	Privileges Used for Access Check:	-
	Restricted SID Count:	5"
,4658,,Security,,,,LOCAL SERVICE,NT AUTHORITY,0x3E5,,,,,,"The handle to an object was closed.

Subject :
	Security ID:		S-1-5-19
	Account Name:		LOCAL SERVICE
	Account Domain:		NT AUTHORITY
	Logon ID:		0x3E5

Object:
	Object Server:		Security
	Handle ID:		0x4bc

Process Information:
	Process ID:		0x788
	Process Name:		C:\Windows\System32\svchost.exe"
,4663,,Security,,,,LOCAL SERVICE,NT AUTHORITY,0x3E5,,,,,,"An attempt was made to access an object.

Subject:
	Security ID:		S-1-5-19
	Account Name:		LOCAL SERVICE
	Account Domain:		NT AUTHORITY
	Logon ID:		0x3E5

Object:
	Object Server:		Security
	Object Type:		Key
	Object Name:		\REGISTRY\MACHINE\SYSTEM\ControlSet001\Control\Lsa
	Handle ID:		0x4bc
	Resource Attributes:	-

Process Information:
	Process ID:		0x788
	Process Name:		C:\Windows\System32\svchost.exe

Access Request Information:
	Accesses:		Query key value
				
	Access Mask:		0x1"
,4690,,Security,,,,LOCAL SERVICE,NT AUTHORITY,0x3E5,,,,,,"An attempt was made to duplicate a handle to an object.

Subject:
	Security ID:		S-1-5-19
	Account Name:		LOCAL SERVICE
	Account Domain:		NT AUTHORITY
	Logon ID:		0x3E5

Source Handle Information:
	Source Handle ID:	0x4f0
	Source Process ID:	0x788

New Handle Information:
	Target Handle ID:	0x1dfc
	Target Process ID:	0x4"
,4658,,Security,,,,LOCAL SERVICE,NT AUTHORITY,0x3E5,,,,,,"The handle to an object was closed.

Subject :
	Security ID:		S-1-5-19
	Account Name:		LOCAL SERVICE
	Account Domain:		NT AUTHORITY
	Logon ID:		0x3E5

Object:
	Object Server:		Security
	Handle ID:		0x1dfc

Process Information:
	Process ID:		0x788
	Process Name:		C:\Windows\System32\svchost.exe"
,4656,,Security,,,,LOCAL SERVICE,NT AUTHORITY,0x3E5,,,,,,"A handle to an object was requested.

Subject:
	Security ID:		S-1-5-19
	Account Name:		LOCAL SERVICE
	Account Domain:		NT AUTHORITY
	Logon ID:		0x3E5

Object:
	Object Server:		Security
	Object Type:		Key
	Object Name:		\REGISTRY\MACHINE\SYSTEM\ControlSet001\Control\Lsa
	Handle ID:		0x4f0
	Resource Attributes:	-

Process Information:
	Process ID:		0x788
	Process Name:		C:\Windows\System32\svchost.exe

Access Request Information:
	Transaction ID:		{00000000-0000-0000-0000-000000000000}
	Accesses:		Query key value
				
	Access Reasons:		-
	Access Mask:		0x1
	Privileges Used for Access Check:	-
	Restricted SID Count:	5"
,4663,,Security,,,,LOCAL SERVICE,NT AUTHORITY,0x3E5,,,,,,"An attempt was made to access an object.

Subject:
	Security ID:		S-1-5-19
	Account Name:		LOCAL SERVICE
	Account Domain:		NT AUTHORITY
	Logon ID:		0x3E5

Object:
	Object Server:		Security
	Object Type:		Key
	Object Name:		\REGISTRY\MACHINE\SYSTEM\ControlSet001\Control\Lsa
	Handle ID:		0x4f0
	Resource Attributes:	-

Process Information:
	Process ID:		0x788
	Process Name:		C:\Windows\System32\svchost.exe

Access Request Information:
	Accesses:		Query key value
				
	Access Mask:		0x1"
,4658,,Security,,,,LOCAL SERVICE,NT AUTHORITY,0x3E5,,,,,,"The handle to an object was closed.

Subject :
	Security ID:		S-1-5-19
	Account Name:		LOCAL SERVICE
	Account Domain:		NT AUTHORITY
	Logon ID:		0x3E5

Object:
	Object Server:		Security
	Handle ID:		0x4f0

Process Information:
	Process ID:		0x788
	Process Name:		C:\Windows\System32\svchost.exe"
,4690,,Security,,,,LOCAL SERVICE,NT AUTHORITY,0x3E5,,,,,,"An attempt was made to duplicate a handle to an object.

Subject:
	Security ID:		S-1-5-19
	Account Name:		LOCAL SERVICE
	Account Domain:		NT AUTHORITY
	Logon ID:		0x3E5

Source Handle Information:
	Source Handle ID:	0x4bc
	Source Process ID:	0x788

New Handle Information:
	Target Handle ID:	0x1884
	Target Process ID:	0x4"
,4658,,Security,,,,LOCAL SERVICE,NT AUTHORITY,0x3E5,,,,,,"The handle to an object was closed.

Subject :
	Security ID:		S-1-5-19
	Account Name:		LOCAL SERVICE
	Account Domain:		NT AUTHORITY
	Logon ID:		0x3E5

Object:
	Object Server:		Security
	Handle ID:		0x1884

Process Information:
	Process ID:		0x788
	Process Name:		C:\Windows\System32\svchost.exe"
,4656,,Security,,,,LOCAL SERVICE,NT AUTHORITY,0x3E5,,,,,,"A handle to an object was requested.

Subject:
	Security ID:		S-1-5-19
	Account Name:		LOCAL SERVICE
	Account Domain:		NT AUTHORITY
	Logon ID:		0x3E5

Object:
	Object Server:		Security
	Object Type:		Key
	Object Name:		\REGISTRY\MACHINE\SYSTEM\ControlSet001\Control\Lsa
	Handle ID:		0x4bc
	Resource Attributes:	-

Process Information:
	Process ID:		0x788
	Process Name:		C:\Windows\System32\svchost.exe

Access Request Information:
	Transaction ID:		{00000000-0000-0000-0000-000000000000}
	Accesses:		Query key value
				
	Access Reasons:		-
	Access Mask:		0x1
	Privileges Used for Access Check:	-
	Restricted SID Count:	5"
,4658,,Security,,,,LOCAL SERVICE,NT AUTHORITY,0x3E5,,,,,,"The handle to an object was closed.

Subject :
	Security ID:		S-1-5-19
	Account Name:		LOCAL SERVICE
	Account Domain:		NT AUTHORITY
	Logon ID:		0x3E5

Object:
	Object Server:		Security
	Handle ID:		0x4bc

Process Information:
	Process ID:		0x788
	Process Name:		C:\Windows\System32\svchost.exe"
,4658,,Security,,,,LOCAL SERVICE,NT AUTHORITY,0x3E5,,,,,,"The handle to an object was closed.

Subject :
	Security ID:		S-1-5-19
	Account Name:		LOCAL SERVICE
	Account Domain:		NT AUTHORITY
	Logon ID:		0x3E5

Object:
	Object Server:		Security
	Handle ID:		0x4bc

Process Information:
	Process ID:		0x788
	Process Name:		C:\Windows\System32\svchost.exe"
,4658,,Security,,,,LOCAL SERVICE,NT AUTHORITY,0x3E5,,,,,,"The handle to an object was closed.

Subject :
	Security ID:		S-1-5-19
	Account Name:		LOCAL SERVICE
	Account Domain:		NT AUTHORITY
	Logon ID:		0x3E5

Object:
	Object Server:		Security
	Handle ID:		0x1bc

Process Information:
	Process ID:		0x788
	Process Name:		C:\Windows\System32\svchost.exe"
,4663,,Security,,,,LOCAL SERVICE,NT AUTHORITY,0x3E5,,,,,,"An attempt was made to access an object.

Subject:
	Security ID:		S-1-5-19
	Account Name:		LOCAL SERVICE
	Account Domain:		NT AUTHORITY
	Logon ID:		0x3E5

Object:
	Object Server:		Security
	Object Type:		Key
	Object Name:		\REGISTRY\MACHINE\SYSTEM\ControlSet001\Control\Lsa
	Handle ID:		0x5f8
	Resource Attributes:	-

Process Information:
	Process ID:		0x788
	Process Name:		C:\Windows\System32\svchost.exe

Access Request Information:
	Accesses:		Query key value
				
	Access Mask:		0x1"
,5158,,Security,,,,,,,,,,,,"The Windows Filtering Platform has permitted a bind to a local port.

Application Information:
	Process ID:		1648
	Application Name:	\device\harddiskvolume2\windows\system32\windowspowershell\v1.0\powershell.exe

Network Information:
	Source Address:		0.0.0.0
	Source Port:		65414
	Protocol:		6

Filter Information:
	Filter Run-Time ID:	0
	Layer Name:		Resource Assignment
	Layer Run-Time ID:	36"
,5156,,Security,,,,,,,,,,,,"The Windows Filtering Platform has permitted a connection.

Application Information:
	Process ID:		1648
	Application Name:	\device\harddiskvolume2\windows\system32\windowspowershell\v1.0\powershell.exe

Network Information:
	Direction:		Outbound
	Source Address:		172.18.39.5
	Source Port:		65414
	Destination Address:	10.10.10.5
	Destination Port:		80
	Protocol:		6

Filter Information:
	Filter Run-Time ID:	69420
	Layer Name:		Connect
	Layer Run-Time ID:	48"
,4656,,Security,,,,LOCAL SERVICE,NT AUTHORITY,0x3E5,,,,,,"A handle to an object was requested.

Subject:
	Security ID:		S-1-5-19
	Account Name:		LOCAL SERVICE
	Account Domain:		NT AUTHORITY
	Logon ID:		0x3E5

Object:
	Object Server:		SC Manager
	Object Type:		SC_MANAGER OBJECT
	Object Name:		ServicesActive
	Handle ID:		0x21849e4c5a0
	Resource Attributes:	-

Process Information:
	Process ID:		0x2dc
	Process Name:		C:\Windows\System32\services.exe

Access Request Information:
	Transaction ID:		{00000000-0000-0000-0000-000000000000}
	Accesses:		Connect to service controller
				Enumerate services
				
	Access Reasons:		-
	Access Mask:		0x5
	Privileges Used for Access Check:	-
	Restricted SID Count:	0"
,5158,,Security,,,,,,,,,,,,"The Windows Filtering Platform has permitted a bind to a local port.

Application Information:
	Process ID:		3280
	Application Name:	\device\harddiskvolume2\windows\system32\svchost.exe

Network Information:
	Source Address:		0.0.0.0
	Source Port:		65415
	Protocol:		6

Filter Information:
	Filter Run-Time ID:	0
	Layer Name:		Resource Assignment
	Layer Run-Time ID:	36"
,5158,,Security,,,,,,,,,,,,"The Windows Filtering Platform has permitted a bind to a local port.

Application Information:
	Process ID:		1648
	Application Name:	\device\harddiskvolume2\windows\system32\windowspowershell\v1.0\powershell.exe

Network Information:
	Source Address:		0.0.0.0
	Source Port:		65416
	Protocol:		6

Filter Information:
	Filter Run-Time ID:	0
	Layer Name:		Resource Assignment
	Layer Run-Time ID:	36"
,5156,,Security,,,,,,,,,,,,"The Windows Filtering Platform has permitted a connection.

Application Information:
	Process ID:		1648
	Application Name:	\device\harddiskvolume2\windows\system32\windowspowershell\v1.0\powershell.exe

Network Information:
	Direction:		Outbound
	Source Address:		172.18.39.5
	Source Port:		65416
	Destination Address:	10.10.10.5
	Destination Port:		80
	Protocol:		6

Filter Information:
	Filter Run-Time ID:	69420
	Layer Name:		Connect
	Layer Run-Time ID:	48"
,5156,,Security,,,,,,,,,,,,"The Windows Filtering Platform has permitted a connection.

Application Information:
	Process ID:		3472
	Application Name:	\device\harddiskvolume2\packages\plugins\microsoft.azure.networkwatcher.networkwatcheragentwindows\1.4.1587.1\networkwatcheragent\networkwatcheragent.exe

Network Information:
	Direction:		Outbound
	Source Address:		172.18.39.5
	Source Port:		52810
	Destination Address:	169.254.169.254
	Destination Port:		80
	Protocol:		6

Filter Information:
	Filter Run-Time ID:	69424
	Layer Name:		Connect
	Layer Run-Time ID:	48"
,5156,,Security,,,,,,,,,,,,"The Windows Filtering Platform has permitted a connection.

Application Information:
	Process ID:		3472
	Application Name:	\device\harddiskvolume2\packages\plugins\microsoft.azure.networkwatcher.networkwatcheragentwindows\1.4.1587.1\networkwatcheragent\networkwatcheragent.exe

Network Information:
	Direction:		Outbound
	Source Address:		172.18.39.5
	Source Port:		52810
	Destination Address:	169.254.169.254
	Destination Port:		80
	Protocol:		6

Filter Information:
	Filter Run-Time ID:	69424
	Layer Name:		Connect
	Layer Run-Time ID:	48"
,5156,,Security,,,,,,,,,,,,"The Windows Filtering Platform has permitted a connection.

Application Information:
	Process ID:		3548
	Application Name:	\device\harddiskvolume2\packages\plugins\microsoft.azure.networkwatcher.networkwatcheragentwindows\1.4.1587.1\networkwatcheragent\networkwatcheragent.exe

Network Information:
	Direction:		Outbound
	Source Address:		172.18.39.6
	Source Port:		50110
	Destination Address:	169.254.169.254
	Destination Port:		80
	Protocol:		6

Filter Information:
	Filter Run-Time ID:	69426
	Layer Name:		Connect
	Layer Run-Time ID:	48"
,5156,,Security,,,,,,,,,,,,"The Windows Filtering Platform has permitted a connection.

Application Information:
	Process ID:		3548
	Application Name:	\device\harddiskvolume2\packages\plugins\microsoft.azure.networkwatcher.networkwatcheragentwindows\1.4.1587.1\networkwatcheragent\networkwatcheragent.exe

Network Information:
	Direction:		Outbound
	Source Address:		172.18.39.6
	Source Port:		50110
	Destination Address:	169.254.169.254
	Destination Port:		80
	Protocol:		6

Filter Information:
	Filter Run-Time ID:	69426
	Layer Name:		Connect
	Layer Run-Time ID:	48"
,5158,,Security,,,,,,,,,,,,"The Windows Filtering Platform has permitted a bind to a local port.

Application Information:
	Process ID:		1648
	Application Name:	\device\harddiskvolume2\windows\system32\windowspowershell\v1.0\powershell.exe

Network Information:
	Source Address:		0.0.0.0
	Source Port:		65417
	Protocol:		6

Filter Information:
	Filter Run-Time ID:	0
	Layer Name:		Resource Assignment
	Layer Run-Time ID:	36"
,5156,,Security,,,,,,,,,,,,"The Windows Filtering Platform has permitted a connection.

Application Information:
	Process ID:		1648
	Application Name:	\device\harddiskvolume2\windows\system32\windowspowershell\v1.0\powershell.exe

Network Information:
	Direction:		Outbound
	Source Address:		172.18.39.5
	Source Port:		65417
	Destination Address:	10.10.10.5
	Destination Port:		80
	Protocol:		6

Filter Information:
	Filter Run-Time ID:	69420
	Layer Name:		Connect
	Layer Run-Time ID:	48"
,5158,,Security,,,,,,,,,,,,"The Windows Filtering Platform has permitted a bind to a local port.

Application Information:
	Process ID:		1648
	Application Name:	\device\harddiskvolume2\windows\system32\windowspowershell\v1.0\powershell.exe

Network Information:
	Source Address:		0.0.0.0
	Source Port:		65418
	Protocol:		6

Filter Information:
	Filter Run-Time ID:	0
	Layer Name:		Resource Assignment
	Layer Run-Time ID:	36"
,5156,,Security,,,,,,,,,,,,"The Windows Filtering Platform has permitted a connection.

Application Information:
	Process ID:		1648
	Application Name:	\device\harddiskvolume2\windows\system32\windowspowershell\v1.0\powershell.exe

Network Information:
	Direction:		Outbound
	Source Address:		172.18.39.5
	Source Port:		65418
	Destination Address:	10.10.10.5
	Destination Port:		80
	Protocol:		6

Filter Information:
	Filter Run-Time ID:	69420
	Layer Name:		Connect
	Layer Run-Time ID:	48"
,5156,,Security,,,,,,,,,,,,"The Windows Filtering Platform has permitted a connection.

Application Information:
	Process ID:		3472
	Application Name:	\device\harddiskvolume2\packages\plugins\microsoft.azure.networkwatcher.networkwatcheragentwindows\1.4.1587.1\networkwatcheragent\networkwatcheragent.exe

Network Information:
	Direction:		Outbound
	Source Address:		172.18.39.5
	Source Port:		52810
	Destination Address:	169.254.169.254
	Destination Port:		80
	Protocol:		6

Filter Information:
	Filter Run-Time ID:	69424
	Layer Name:		Connect
	Layer Run-Time ID:	48"
,5156,,Security,,,,,,,,,,,,"The Windows Filtering Platform has permitted a connection.

Application Information:
	Process ID:		3472
	Application Name:	\device\harddiskvolume2\packages\plugins\microsoft.azure.networkwatcher.networkwatcheragentwindows\1.4.1587.1\networkwatcheragent\networkwatcheragent.exe

Network Information:
	Direction:		Outbound
	Source Address:		172.18.39.5
	Source Port:		52810
	Destination Address:	169.254.169.254
	Destination Port:		80
	Protocol:		6

Filter Information:
	Filter Run-Time ID:	69424
	Layer Name:		Connect
	Layer Run-Time ID:	48"
,5156,,Security,,,,,,,,,,,,"The Windows Filtering Platform has permitted a connection.

Application Information:
	Process ID:		3548
	Application Name:	\device\harddiskvolume2\packages\plugins\microsoft.azure.networkwatcher.networkwatcheragentwindows\1.4.1587.1\networkwatcheragent\networkwatcheragent.exe

Network Information:
	Direction:		Outbound
	Source Address:		172.18.39.6
	Source Port:		50110
	Destination Address:	169.254.169.254
	Destination Port:		80
	Protocol:		6

Filter Information:
	Filter Run-Time ID:	69426
	Layer Name:		Connect
	Layer Run-Time ID:	48"
,5156,,Security,,,,,,,,,,,,"The Windows Filtering Platform has permitted a connection.

Application Information:
	Process ID:		3548
	Application Name:	\device\harddiskvolume2\packages\plugins\microsoft.azure.networkwatcher.networkwatcheragentwindows\1.4.1587.1\networkwatcheragent\networkwatcheragent.exe

Network Information:
	Direction:		Outbound
	Source Address:		172.18.39.6
	Source Port:		50110
	Destination Address:	169.254.169.254
	Destination Port:		80
	Protocol:		6

Filter Information:
	Filter Run-Time ID:	69426
	Layer Name:		Connect
	Layer Run-Time ID:	48"
,5156,,Security,,,,,,,,,,,,"The Windows Filtering Platform has permitted a connection.

Application Information:
	Process ID:		3548
	Application Name:	\device\harddiskvolume2\packages\plugins\microsoft.azure.networkwatcher.networkwatcheragentwindows\1.4.1587.1\networkwatcheragent\networkwatcheragent.exe

Network Information:
	Direction:		Outbound
	Source Address:		172.18.39.6
	Source Port:		50110
	Destination Address:	169.254.169.254
	Destination Port:		80
	Protocol:		6

Filter Information:
	Filter Run-Time ID:	69426
	Layer Name:		Connect
	Layer Run-Time ID:	48"
,4656,,Security,,,,LOCAL SERVICE,NT AUTHORITY,0x3E5,,,,,,"A handle to an object was requested.

Subject:
	Security ID:		S-1-5-19
	Account Name:		LOCAL SERVICE
	Account Domain:		NT AUTHORITY
	Logon ID:		0x3E5

Object:
	Object Server:		Security
	Object Type:		Key
	Object Name:		\REGISTRY\MACHINE\SYSTEM\ControlSet001\Control\Lsa
	Handle ID:		0x5f8
	Resource Attributes:	-

Process Information:
	Process ID:		0x788
	Process Name:		C:\Windows\System32\svchost.exe

Access Request Information:
	Transaction ID:		{00000000-0000-0000-0000-000000000000}
	Accesses:		Query key value
				
	Access Reasons:		-
	Access Mask:		0x1
	Privileges Used for Access Check:	-
	Restricted SID Count:	5"
,5156,,Security,,,,,,,,,,,,"The Windows Filtering Platform has permitted a connection.

Application Information:
	Process ID:		3548
	Application Name:	\device\harddiskvolume2\packages\plugins\microsoft.azure.networkwatcher.networkwatcheragentwindows\1.4.1587.1\networkwatcheragent\networkwatcheragent.exe

Network Information:
	Direction:		Outbound
	Source Address:		172.18.39.6
	Source Port:		50110
	Destination Address:	169.254.169.254
	Destination Port:		80
	Protocol:		6

Filter Information:
	Filter Run-Time ID:	69426
	Layer Name:		Connect
	Layer Run-Time ID:	48"
,5156,,Security,,,,,,,,,,,,"The Windows Filtering Platform has permitted a connection.

Application Information:
	Process ID:		3472
	Application Name:	\device\harddiskvolume2\packages\plugins\microsoft.azure.networkwatcher.networkwatcheragentwindows\1.4.1587.1\networkwatcheragent\networkwatcheragent.exe

Network Information:
	Direction:		Outbound
	Source Address:		172.18.39.5
	Source Port:		52810
	Destination Address:	169.254.169.254
	Destination Port:		80
	Protocol:		6

Filter Information:
	Filter Run-Time ID:	69424
	Layer Name:		Connect
	Layer Run-Time ID:	48"
,4658,,Security,,,,LOCAL SERVICE,NT AUTHORITY,0x3E5,,,,,,"The handle to an object was closed.

Subject :
	Security ID:		S-1-5-19
	Account Name:		LOCAL SERVICE
	Account Domain:		NT AUTHORITY
	Logon ID:		0x3E5

Object:
	Object Server:		Security
	Handle ID:		0x5f8

Process Information:
	Process ID:		0x788
	Process Name:		C:\Windows\System32\svchost.exe"
,5156,,Security,,,,,,,,,,,,"The Windows Filtering Platform has permitted a connection.

Application Information:
	Process ID:		4
	Application Name:	System

Network Information:
	Direction:		Outbound
	Source Address:		172.18.39.6
	Source Port:		138
	Destination Address:	172.18.39.255
	Destination Port:		138
	Protocol:		17

Filter Information:
	Filter Run-Time ID:	69422
	Layer Name:		Connect
	Layer Run-Time ID:	48"
,5156,,Security,,,,,,,,,,,,"The Windows Filtering Platform has permitted a connection.

Application Information:
	Process ID:		4
	Application Name:	System

Network Information:
	Direction:		Inbound
	Source Address:		172.18.39.6
	Source Port:		138
	Destination Address:	172.18.39.255
	Destination Port:		138
	Protocol:		17

Filter Information:
	Filter Run-Time ID:	65888
	Layer Name:		Receive/Accept
	Layer Run-Time ID:	44"
,5158,,Security,,,,,,,,,,,,"The Windows Filtering Platform has permitted a bind to a local port.

Application Information:
	Process ID:		1648
	Application Name:	\device\harddiskvolume2\windows\system32\windowspowershell\v1.0\powershell.exe

Network Information:
	Source Address:		0.0.0.0
	Source Port:		65410
	Protocol:		6

Filter Information:
	Filter Run-Time ID:	0
	Layer Name:		Resource Assignment
	Layer Run-Time ID:	36"
,5156,,Security,,,,,,,,,,,,"The Windows Filtering Platform has permitted a connection.

Application Information:
	Process ID:		1648
	Application Name:	\device\harddiskvolume2\windows\system32\windowspowershell\v1.0\powershell.exe

Network Information:
	Direction:		Outbound
	Source Address:		172.18.39.5
	Source Port:		65410
	Destination Address:	10.10.10.5
	Destination Port:		80
	Protocol:		6

Filter Information:
	Filter Run-Time ID:	69420
	Layer Name:		Connect
	Layer Run-Time ID:	48"
,5158,,Security,,,,,,,,,,,,"The Windows Filtering Platform has permitted a bind to a local port.

Application Information:
	Process ID:		4164
	Application Name:	\device\harddiskvolume2\windows\system32\svchost.exe

Network Information:
	Source Address:		0.0.0.0
	Source Port:		54226
	Protocol:		6

Filter Information:
	Filter Run-Time ID:	0
	Layer Name:		Resource Assignment
	Layer Run-Time ID:	36"
,5158,,Security,,,,,,,,,,,,"The Windows Filtering Platform has permitted a bind to a local port.

Application Information:
	Process ID:		1648
	Application Name:	\device\harddiskvolume2\windows\system32\windowspowershell\v1.0\powershell.exe

Network Information:
	Source Address:		0.0.0.0
	Source Port:		65411
	Protocol:		6

Filter Information:
	Filter Run-Time ID:	0
	Layer Name:		Resource Assignment
	Layer Run-Time ID:	36"
,5156,,Security,,,,,,,,,,,,"The Windows Filtering Platform has permitted a connection.

Application Information:
	Process ID:		1648
	Application Name:	\device\harddiskvolume2\windows\system32\windowspowershell\v1.0\powershell.exe

Network Information:
	Direction:		Outbound
	Source Address:		172.18.39.5
	Source Port:		65411
	Destination Address:	10.10.10.5
	Destination Port:		80
	Protocol:		6

Filter Information:
	Filter Run-Time ID:	69420
	Layer Name:		Connect
	Layer Run-Time ID:	48"
,5156,,Security,,,,,,,,,,,,"The Windows Filtering Platform has permitted a connection.

Application Information:
	Process ID:		3472
	Application Name:	\device\harddiskvolume2\packages\plugins\microsoft.azure.networkwatcher.networkwatcheragentwindows\1.4.1587.1\networkwatcheragent\networkwatcheragent.exe

Network Information:
	Direction:		Outbound
	Source Address:		172.18.39.5
	Source Port:		52810
	Destination Address:	169.254.169.254
	Destination Port:		80
	Protocol:		6

Filter Information:
	Filter Run-Time ID:	69424
	Layer Name:		Connect
	Layer Run-Time ID:	48"
,5156,,Security,,,,,,,,,,,,"The Windows Filtering Platform has permitted a connection.

Application Information:
	Process ID:		3472
	Application Name:	\device\harddiskvolume2\packages\plugins\microsoft.azure.networkwatcher.networkwatcheragentwindows\1.4.1587.1\networkwatcheragent\networkwatcheragent.exe

Network Information:
	Direction:		Outbound
	Source Address:		172.18.39.5
	Source Port:		52810
	Destination Address:	169.254.169.254
	Destination Port:		80
	Protocol:		6

Filter Information:
	Filter Run-Time ID:	69424
	Layer Name:		Connect
	Layer Run-Time ID:	48"
,5156,,Security,,,,,,,,,,,,"The Windows Filtering Platform has permitted a connection.

Application Information:
	Process ID:		3548
	Application Name:	\device\harddiskvolume2\packages\plugins\microsoft.azure.networkwatcher.networkwatcheragentwindows\1.4.1587.1\networkwatcheragent\networkwatcheragent.exe

Network Information:
	Direction:		Outbound
	Source Address:		172.18.39.6
	Source Port:		50110
	Destination Address:	169.254.169.254
	Destination Port:		80
	Protocol:		6

Filter Information:
	Filter Run-Time ID:	69426
	Layer Name:		Connect
	Layer Run-Time ID:	48"
,5156,,Security,,,,,,,,,,,,"The Windows Filtering Platform has permitted a connection.

Application Information:
	Process ID:		3548
	Application Name:	\device\harddiskvolume2\packages\plugins\microsoft.azure.networkwatcher.networkwatcheragentwindows\1.4.1587.1\networkwatcheragent\networkwatcheragent.exe

Network Information:
	Direction:		Outbound
	Source Address:		172.18.39.6
	Source Port:		50110
	Destination Address:	169.254.169.254
	Destination Port:		80
	Protocol:		6

Filter Information:
	Filter Run-Time ID:	69426
	Layer Name:		Connect
	Layer Run-Time ID:	48"
,5158,,Security,,,,,,,,,,,,"The Windows Filtering Platform has permitted a bind to a local port.

Application Information:
	Process ID:		1648
	Application Name:	\device\harddiskvolume2\windows\system32\windowspowershell\v1.0\powershell.exe

Network Information:
	Source Address:		0.0.0.0
	Source Port:		65412
	Protocol:		6

Filter Information:
	Filter Run-Time ID:	0
	Layer Name:		Resource Assignment
	Layer Run-Time ID:	36"
,5156,,Security,,,,,,,,,,,,"The Windows Filtering Platform has permitted a connection.

Application Information:
	Process ID:		1648
	Application Name:	\device\harddiskvolume2\windows\system32\windowspowershell\v1.0\powershell.exe

Network Information:
	Direction:		Outbound
	Source Address:		172.18.39.5
	Source Port:		65412
	Destination Address:	10.10.10.5
	Destination Port:		80
	Protocol:		6

Filter Information:
	Filter Run-Time ID:	69420
	Layer Name:		Connect
	Layer Run-Time ID:	48"
,4656,,Security,,,,WORKSTATION6$,THESHIRE,0x3E7,,,,,,"A handle to an object was requested.

Subject:
	Security ID:		S-1-5-18
	Account Name:		WORKSTATION6$
	Account Domain:		THESHIRE
	Logon ID:		0x3E7

Object:
	Object Server:		SC Manager
	Object Type:		SC_MANAGER OBJECT
	Object Name:		ServicesActive
	Handle ID:		0x21849e4c5a0
	Resource Attributes:	-

Process Information:
	Process ID:		0x2dc
	Process Name:		C:\Windows\System32\services.exe

Access Request Information:
	Transaction ID:		{00000000-0000-0000-0000-000000000000}
	Accesses:		Connect to service controller
				
	Access Reasons:		-
	Access Mask:		0x1
	Privileges Used for Access Check:	-
	Restricted SID Count:	0"
,5158,,Security,,,,,,,,,,,,"The Windows Filtering Platform has permitted a bind to a local port.

Application Information:
	Process ID:		1648
	Application Name:	\device\harddiskvolume2\windows\system32\windowspowershell\v1.0\powershell.exe

Network Information:
	Source Address:		0.0.0.0
	Source Port:		65413
	Protocol:		6

Filter Information:
	Filter Run-Time ID:	0
	Layer Name:		Resource Assignment
	Layer Run-Time ID:	36"
,5156,,Security,,,,,,,,,,,,"The Windows Filtering Platform has permitted a connection.

Application Information:
	Process ID:		1648
	Application Name:	\device\harddiskvolume2\windows\system32\windowspowershell\v1.0\powershell.exe

Network Information:
	Direction:		Outbound
	Source Address:		172.18.39.5
	Source Port:		65413
	Destination Address:	10.10.10.5
	Destination Port:		80
	Protocol:		6

Filter Information:
	Filter Run-Time ID:	69420
	Layer Name:		Connect
	Layer Run-Time ID:	48"
,4634,,Security,,,,MORDORDC$,THESHIRE,0x2B6DB78,,,,,,"An account was logged off.

Subject:
	Security ID:		S-1-5-18
	Account Name:		MORDORDC$
	Account Domain:		THESHIRE
	Logon ID:		0x2B6DB78

Logon Type:			3

This event is generated when a logon session is destroyed. It may be positively correlated with a logon event using the Logon ID value. Logon IDs are only unique between reboots on the same computer."
,5156,,Security,,,,,,,,,,,,"The Windows Filtering Platform has permitted a connection.

Application Information:
	Process ID:		3472
	Application Name:	\device\harddiskvolume2\packages\plugins\microsoft.azure.networkwatcher.networkwatcheragentwindows\1.4.1587.1\networkwatcheragent\networkwatcheragent.exe

Network Information:
	Direction:		Outbound
	Source Address:		172.18.39.5
	Source Port:		52810
	Destination Address:	169.254.169.254
	Destination Port:		80
	Protocol:		6

Filter Information:
	Filter Run-Time ID:	69424
	Layer Name:		Connect
	Layer Run-Time ID:	48"
,5158,,Security,,,,,,,,,,,,"The Windows Filtering Platform has permitted a bind to a local port.

Application Information:
	Process ID:		704
	Application Name:	\device\harddiskvolume2\windows\system32\lsass.exe

Network Information:
	Source Address:		0.0.0.0
	Source Port:		59093
	Protocol:		17

Filter Information:
	Filter Run-Time ID:	0
	Layer Name:		Resource Assignment
	Layer Run-Time ID:	36"
,4663,,Security,,,,LOCAL SERVICE,NT AUTHORITY,0x3E5,,,,,,"An attempt was made to access an object.

Subject:
	Security ID:		S-1-5-19
	Account Name:		LOCAL SERVICE
	Account Domain:		NT AUTHORITY
	Logon ID:		0x3E5

Object:
	Object Server:		Security
	Object Type:		Key
	Object Name:		\REGISTRY\MACHINE\SYSTEM\ControlSet001\Control\Lsa
	Handle ID:		0x4bc
	Resource Attributes:	-

Process Information:
	Process ID:		0x788
	Process Name:		C:\Windows\System32\svchost.exe

Access Request Information:
	Accesses:		Query key value
				
	Access Mask:		0x1"
,4658,,Security,,,,LOCAL SERVICE,NT AUTHORITY,0x3E5,,,,,,"The handle to an object was closed.

Subject :
	Security ID:		S-1-5-19
	Account Name:		LOCAL SERVICE
	Account Domain:		NT AUTHORITY
	Logon ID:		0x3E5

Object:
	Object Server:		Security
	Handle ID:		0x1884

Process Information:
	Process ID:		0x788
	Process Name:		C:\Windows\System32\svchost.exe"
,4658,,Security,,,,LOCAL SERVICE,NT AUTHORITY,0x3E5,,,,,,"The handle to an object was closed.

Subject :
	Security ID:		S-1-5-19
	Account Name:		LOCAL SERVICE
	Account Domain:		NT AUTHORITY
	Logon ID:		0x3E5

Object:
	Object Server:		Security
	Handle ID:		0x4bc

Process Information:
	Process ID:		0x788
	Process Name:		C:\Windows\System32\svchost.exe"
,4690,,Security,,,,LOCAL SERVICE,NT AUTHORITY,0x3E5,,,,,,"An attempt was made to duplicate a handle to an object.

Subject:
	Security ID:		S-1-5-19
	Account Name:		LOCAL SERVICE
	Account Domain:		NT AUTHORITY
	Logon ID:		0x3E5

Source Handle Information:
	Source Handle ID:	0x4f0
	Source Process ID:	0x788

New Handle Information:
	Target Handle ID:	0x1dfc
	Target Process ID:	0x4"
,4658,,Security,,,,LOCAL SERVICE,NT AUTHORITY,0x3E5,,,,,,"The handle to an object was closed.

Subject :
	Security ID:		S-1-5-19
	Account Name:		LOCAL SERVICE
	Account Domain:		NT AUTHORITY
	Logon ID:		0x3E5

Object:
	Object Server:		Security
	Handle ID:		0x1dfc

Process Information:
	Process ID:		0x788
	Process Name:		C:\Windows\System32\svchost.exe"
,4656,,Security,,,,LOCAL SERVICE,NT AUTHORITY,0x3E5,,,,,,"A handle to an object was requested.

Subject:
	Security ID:		S-1-5-19
	Account Name:		LOCAL SERVICE
	Account Domain:		NT AUTHORITY
	Logon ID:		0x3E5

Object:
	Object Server:		Security
	Object Type:		Key
	Object Name:		\REGISTRY\MACHINE\SYSTEM\ControlSet001\Control\Lsa
	Handle ID:		0x4f0
	Resource Attributes:	-

Process Information:
	Process ID:		0x788
	Process Name:		C:\Windows\System32\svchost.exe

Access Request Information:
	Transaction ID:		{00000000-0000-0000-0000-000000000000}
	Accesses:		Query key value
				
	Access Reasons:		-
	Access Mask:		0x1
	Privileges Used for Access Check:	-
	Restricted SID Count:	5"
,4663,,Security,,,,LOCAL SERVICE,NT AUTHORITY,0x3E5,,,,,,"An attempt was made to access an object.

Subject:
	Security ID:		S-1-5-19
	Account Name:		LOCAL SERVICE
	Account Domain:		NT AUTHORITY
	Logon ID:		0x3E5

Object:
	Object Server:		Security
	Object Type:		Key
	Object Name:		\REGISTRY\MACHINE\SYSTEM\ControlSet001\Control\Lsa
	Handle ID:		0x4f0
	Resource Attributes:	-

Process Information:
	Process ID:		0x788
	Process Name:		C:\Windows\System32\svchost.exe

Access Request Information:
	Accesses:		Query key value
				
	Access Mask:		0x1"
,4658,,Security,,,,LOCAL SERVICE,NT AUTHORITY,0x3E5,,,,,,"The handle to an object was closed.

Subject :
	Security ID:		S-1-5-19
	Account Name:		LOCAL SERVICE
	Account Domain:		NT AUTHORITY
	Logon ID:		0x3E5

Object:
	Object Server:		Security
	Handle ID:		0x4f0

Process Information:
	Process ID:		0x788
	Process Name:		C:\Windows\System32\svchost.exe"
,4690,,Security,,,,LOCAL SERVICE,NT AUTHORITY,0x3E5,,,,,,"An attempt was made to duplicate a handle to an object.

Subject:
	Security ID:		S-1-5-19
	Account Name:		LOCAL SERVICE
	Account Domain:		NT AUTHORITY
	Logon ID:		0x3E5

Source Handle Information:
	Source Handle ID:	0x4a4
	Source Process ID:	0x788

New Handle Information:
	Target Handle ID:	0x1bc
	Target Process ID:	0x4"
,4658,,Security,,,,LOCAL SERVICE,NT AUTHORITY,0x3E5,,,,,,"The handle to an object was closed.

Subject :
	Security ID:		S-1-5-19
	Account Name:		LOCAL SERVICE
	Account Domain:		NT AUTHORITY
	Logon ID:		0x3E5

Object:
	Object Server:		Security
	Handle ID:		0x1bc

Process Information:
	Process ID:		0x788
	Process Name:		C:\Windows\System32\svchost.exe"
,4663,,Security,,,,LOCAL SERVICE,NT AUTHORITY,0x3E5,,,,,,"An attempt was made to access an object.

Subject:
	Security ID:		S-1-5-19
	Account Name:		LOCAL SERVICE
	Account Domain:		NT AUTHORITY
	Logon ID:		0x3E5

Object:
	Object Server:		Security
	Object Type:		Key
	Object Name:		\REGISTRY\MACHINE\SYSTEM\ControlSet001\Control\Lsa
	Handle ID:		0x4bc
	Resource Attributes:	-

Process Information:
	Process ID:		0x788
	Process Name:		C:\Windows\System32\svchost.exe

Access Request Information:
	Accesses:		Query key value
				
	Access Mask:		0x1"
,4656,,Security,,,,LOCAL SERVICE,NT AUTHORITY,0x3E5,,,,,,"A handle to an object was requested.

Subject:
	Security ID:		S-1-5-19
	Account Name:		LOCAL SERVICE
	Account Domain:		NT AUTHORITY
	Logon ID:		0x3E5

Object:
	Object Server:		Security
	Object Type:		Key
	Object Name:		\REGISTRY\MACHINE\SYSTEM\ControlSet001\Control\Lsa
	Handle ID:		0x4a4
	Resource Attributes:	-

Process Information:
	Process ID:		0x788
	Process Name:		C:\Windows\System32\svchost.exe

Access Request Information:
	Transaction ID:		{00000000-0000-0000-0000-000000000000}
	Accesses:		Query key value
				
	Access Reasons:		-
	Access Mask:		0x1
	Privileges Used for Access Check:	-
	Restricted SID Count:	5"
,4658,,Security,,,,LOCAL SERVICE,NT AUTHORITY,0x3E5,,,,,,"The handle to an object was closed.

Subject :
	Security ID:		S-1-5-19
	Account Name:		LOCAL SERVICE
	Account Domain:		NT AUTHORITY
	Logon ID:		0x3E5

Object:
	Object Server:		Security
	Handle ID:		0x4a4

Process Information:
	Process ID:		0x788
	Process Name:		C:\Windows\System32\svchost.exe"
,4690,,Security,,,,LOCAL SERVICE,NT AUTHORITY,0x3E5,,,,,,"An attempt was made to duplicate a handle to an object.

Subject:
	Security ID:		S-1-5-19
	Account Name:		LOCAL SERVICE
	Account Domain:		NT AUTHORITY
	Logon ID:		0x3E5

Source Handle Information:
	Source Handle ID:	0x5f8
	Source Process ID:	0x788

New Handle Information:
	Target Handle ID:	0x2624
	Target Process ID:	0x4"
,4658,,Security,,,,LOCAL SERVICE,NT AUTHORITY,0x3E5,,,,,,"The handle to an object was closed.

Subject :
	Security ID:		S-1-5-19
	Account Name:		LOCAL SERVICE
	Account Domain:		NT AUTHORITY
	Logon ID:		0x3E5

Object:
	Object Server:		Security
	Handle ID:		0x2624

Process Information:
	Process ID:		0x788
	Process Name:		C:\Windows\System32\svchost.exe"
,4656,,Security,,,,LOCAL SERVICE,NT AUTHORITY,0x3E5,,,,,,"A handle to an object was requested.

Subject:
	Security ID:		S-1-5-19
	Account Name:		LOCAL SERVICE
	Account Domain:		NT AUTHORITY
	Logon ID:		0x3E5

Object:
	Object Server:		Security
	Object Type:		Key
	Object Name:		\REGISTRY\MACHINE\SYSTEM\ControlSet001\Control\Lsa
	Handle ID:		0x5f8
	Resource Attributes:	-

Process Information:
	Process ID:		0x788
	Process Name:		C:\Windows\System32\svchost.exe

Access Request Information:
	Transaction ID:		{00000000-0000-0000-0000-000000000000}
	Accesses:		Query key value
				
	Access Reasons:		-
	Access Mask:		0x1
	Privileges Used for Access Check:	-
	Restricted SID Count:	5"
,4663,,Security,,,,LOCAL SERVICE,NT AUTHORITY,0x3E5,,,,,,"An attempt was made to access an object.

Subject:
	Security ID:		S-1-5-19
	Account Name:		LOCAL SERVICE
	Account Domain:		NT AUTHORITY
	Logon ID:		0x3E5

Object:
	Object Server:		Security
	Object Type:		Key
	Object Name:		\REGISTRY\MACHINE\SYSTEM\ControlSet001\Control\Lsa
	Handle ID:		0x5f8
	Resource Attributes:	-

Process Information:
	Process ID:		0x788
	Process Name:		C:\Windows\System32\svchost.exe

Access Request Information:
	Accesses:		Query key value
				
	Access Mask:		0x1"
,4658,,Security,,,,LOCAL SERVICE,NT AUTHORITY,0x3E5,,,,,,"The handle to an object was closed.

Subject :
	Security ID:		S-1-5-19
	Account Name:		LOCAL SERVICE
	Account Domain:		NT AUTHORITY
	Logon ID:		0x3E5

Object:
	Object Server:		Security
	Handle ID:		0x5f8

Process Information:
	Process ID:		0x788
	Process Name:		C:\Windows\System32\svchost.exe"
,4690,,Security,,,,LOCAL SERVICE,NT AUTHORITY,0x3E5,,,,,,"An attempt was made to duplicate a handle to an object.

Subject:
	Security ID:		S-1-5-19
	Account Name:		LOCAL SERVICE
	Account Domain:		NT AUTHORITY
	Logon ID:		0x3E5

Source Handle Information:
	Source Handle ID:	0x4a4
	Source Process ID:	0x788

New Handle Information:
	Target Handle ID:	0x1bc
	Target Process ID:	0x4"
,4658,,Security,,,,LOCAL SERVICE,NT AUTHORITY,0x3E5,,,,,,"The handle to an object was closed.

Subject :
	Security ID:		S-1-5-19
	Account Name:		LOCAL SERVICE
	Account Domain:		NT AUTHORITY
	Logon ID:		0x3E5

Object:
	Object Server:		Security
	Handle ID:		0x1bc

Process Information:
	Process ID:		0x788
	Process Name:		C:\Windows\System32\svchost.exe"
,4663,,Security,,,,LOCAL SERVICE,NT AUTHORITY,0x3E5,,,,,,"An attempt was made to access an object.

Subject:
	Security ID:		S-1-5-19
	Account Name:		LOCAL SERVICE
	Account Domain:		NT AUTHORITY
	Logon ID:		0x3E5

Object:
	Object Server:		Security
	Object Type:		Key
	Object Name:		\REGISTRY\MACHINE\SYSTEM\ControlSet001\Control\Lsa
	Handle ID:		0x4a4
	Resource Attributes:	-

Process Information:
	Process ID:		0x788
	Process Name:		C:\Windows\System32\svchost.exe

Access Request Information:
	Accesses:		Query key value
				
	Access Mask:		0x1"
,4656,,Security,,,,LOCAL SERVICE,NT AUTHORITY,0x3E5,,,,,,"A handle to an object was requested.

Subject:
	Security ID:		S-1-5-19
	Account Name:		LOCAL SERVICE
	Account Domain:		NT AUTHORITY
	Logon ID:		0x3E5

Object:
	Object Server:		Security
	Object Type:		Key
	Object Name:		\REGISTRY\MACHINE\SYSTEM\ControlSet001\Control\Lsa
	Handle ID:		0x4a4
	Resource Attributes:	-

Process Information:
	Process ID:		0x788
	Process Name:		C:\Windows\System32\svchost.exe

Access Request Information:
	Transaction ID:		{00000000-0000-0000-0000-000000000000}
	Accesses:		Query key value
				
	Access Reasons:		-
	Access Mask:		0x1
	Privileges Used for Access Check:	-
	Restricted SID Count:	5"
,4656,,Security,,,,LOCAL SERVICE,NT AUTHORITY,0x3E5,,,,,,"A handle to an object was requested.

Subject:
	Security ID:		S-1-5-19
	Account Name:		LOCAL SERVICE
	Account Domain:		NT AUTHORITY
	Logon ID:		0x3E5

Object:
	Object Server:		Security
	Object Type:		Key
	Object Name:		\REGISTRY\MACHINE\SYSTEM\ControlSet001\Control\Lsa
	Handle ID:		0x4bc
	Resource Attributes:	-

Process Information:
	Process ID:		0x788
	Process Name:		C:\Windows\System32\svchost.exe

Access Request Information:
	Transaction ID:		{00000000-0000-0000-0000-000000000000}
	Accesses:		Query key value
				
	Access Reasons:		-
	Access Mask:		0x1
	Privileges Used for Access Check:	-
	Restricted SID Count:	5"
,4690,,Security,,,,LOCAL SERVICE,NT AUTHORITY,0x3E5,,,,,,"An attempt was made to duplicate a handle to an object.

Subject:
	Security ID:		S-1-5-19
	Account Name:		LOCAL SERVICE
	Account Domain:		NT AUTHORITY
	Logon ID:		0x3E5

Source Handle Information:
	Source Handle ID:	0x4bc
	Source Process ID:	0x788

New Handle Information:
	Target Handle ID:	0x1884
	Target Process ID:	0x4"
,4656,,Security,,,,LOCAL SERVICE,NT AUTHORITY,0x3E5,,,,,,"A handle to an object was requested.

Subject:
	Security ID:		S-1-5-19
	Account Name:		LOCAL SERVICE
	Account Domain:		NT AUTHORITY
	Logon ID:		0x3E5

Object:
	Object Server:		Security
	Object Type:		Key
	Object Name:		\REGISTRY\MACHINE\SYSTEM\ControlSet001\Control\Lsa
	Handle ID:		0x4bc
	Resource Attributes:	-

Process Information:
	Process ID:		0x788
	Process Name:		C:\Windows\System32\svchost.exe

Access Request Information:
	Transaction ID:		{00000000-0000-0000-0000-000000000000}
	Accesses:		Query key value
				
	Access Reasons:		-
	Access Mask:		0x1
	Privileges Used for Access Check:	-
	Restricted SID Count:	5"
,4663,,Security,,,,LOCAL SERVICE,NT AUTHORITY,0x3E5,,,,,,"An attempt was made to access an object.

Subject:
	Security ID:		S-1-5-19
	Account Name:		LOCAL SERVICE
	Account Domain:		NT AUTHORITY
	Logon ID:		0x3E5

Object:
	Object Server:		Security
	Object Type:		Key
	Object Name:		\REGISTRY\MACHINE\SYSTEM\ControlSet001\Control\Lsa
	Handle ID:		0x4bc
	Resource Attributes:	-

Process Information:
	Process ID:		0x788
	Process Name:		C:\Windows\System32\svchost.exe

Access Request Information:
	Accesses:		Query key value
				
	Access Mask:		0x1"
,4658,,Security,,,,LOCAL SERVICE,NT AUTHORITY,0x3E5,,,,,,"The handle to an object was closed.

Subject :
	Security ID:		S-1-5-19
	Account Name:		LOCAL SERVICE
	Account Domain:		NT AUTHORITY
	Logon ID:		0x3E5

Object:
	Object Server:		Security
	Handle ID:		0x4bc

Process Information:
	Process ID:		0x788
	Process Name:		C:\Windows\System32\svchost.exe"
,4690,,Security,,,,LOCAL SERVICE,NT AUTHORITY,0x3E5,,,,,,"An attempt was made to duplicate a handle to an object.

Subject:
	Security ID:		S-1-5-19
	Account Name:		LOCAL SERVICE
	Account Domain:		NT AUTHORITY
	Logon ID:		0x3E5

Source Handle Information:
	Source Handle ID:	0x4f0
	Source Process ID:	0x788

New Handle Information:
	Target Handle ID:	0x1dfc
	Target Process ID:	0x4"
,4658,,Security,,,,LOCAL SERVICE,NT AUTHORITY,0x3E5,,,,,,"The handle to an object was closed.

Subject :
	Security ID:		S-1-5-19
	Account Name:		LOCAL SERVICE
	Account Domain:		NT AUTHORITY
	Logon ID:		0x3E5

Object:
	Object Server:		Security
	Handle ID:		0x1dfc

Process Information:
	Process ID:		0x788
	Process Name:		C:\Windows\System32\svchost.exe"
,4656,,Security,,,,LOCAL SERVICE,NT AUTHORITY,0x3E5,,,,,,"A handle to an object was requested.

Subject:
	Security ID:		S-1-5-19
	Account Name:		LOCAL SERVICE
	Account Domain:		NT AUTHORITY
	Logon ID:		0x3E5

Object:
	Object Server:		Security
	Object Type:		Key
	Object Name:		\REGISTRY\MACHINE\SYSTEM\ControlSet001\Control\Lsa
	Handle ID:		0x4f0
	Resource Attributes:	-

Process Information:
	Process ID:		0x788
	Process Name:		C:\Windows\System32\svchost.exe

Access Request Information:
	Transaction ID:		{00000000-0000-0000-0000-000000000000}
	Accesses:		Query key value
				
	Access Reasons:		-
	Access Mask:		0x1
	Privileges Used for Access Check:	-
	Restricted SID Count:	5"
,4663,,Security,,,,LOCAL SERVICE,NT AUTHORITY,0x3E5,,,,,,"An attempt was made to access an object.

Subject:
	Security ID:		S-1-5-19
	Account Name:		LOCAL SERVICE
	Account Domain:		NT AUTHORITY
	Logon ID:		0x3E5

Object:
	Object Server:		Security
	Object Type:		Key
	Object Name:		\REGISTRY\MACHINE\SYSTEM\ControlSet001\Control\Lsa
	Handle ID:		0x4f0
	Resource Attributes:	-

Process Information:
	Process ID:		0x788
	Process Name:		C:\Windows\System32\svchost.exe

Access Request Information:
	Accesses:		Query key value
				
	Access Mask:		0x1"
,4658,,Security,,,,LOCAL SERVICE,NT AUTHORITY,0x3E5,,,,,,"The handle to an object was closed.

Subject :
	Security ID:		S-1-5-19
	Account Name:		LOCAL SERVICE
	Account Domain:		NT AUTHORITY
	Logon ID:		0x3E5

Object:
	Object Server:		Security
	Handle ID:		0x4f0

Process Information:
	Process ID:		0x788
	Process Name:		C:\Windows\System32\svchost.exe"
,4658,,Security,,,,LOCAL SERVICE,NT AUTHORITY,0x3E5,,,,,,"The handle to an object was closed.

Subject :
	Security ID:		S-1-5-19
	Account Name:		LOCAL SERVICE
	Account Domain:		NT AUTHORITY
	Logon ID:		0x3E5

Object:
	Object Server:		Security
	Handle ID:		0x1884

Process Information:
	Process ID:		0x788
	Process Name:		C:\Windows\System32\svchost.exe"
,4690,,Security,,,,LOCAL SERVICE,NT AUTHORITY,0x3E5,,,,,,"An attempt was made to duplicate a handle to an object.

Subject:
	Security ID:		S-1-5-19
	Account Name:		LOCAL SERVICE
	Account Domain:		NT AUTHORITY
	Logon ID:		0x3E5

Source Handle Information:
	Source Handle ID:	0x4bc
	Source Process ID:	0x788

New Handle Information:
	Target Handle ID:	0x1884
	Target Process ID:	0x4"
,4656,,Security,,,,LOCAL SERVICE,NT AUTHORITY,0x3E5,,,,,,"A handle to an object was requested.

Subject:
	Security ID:		S-1-5-19
	Account Name:		LOCAL SERVICE
	Account Domain:		NT AUTHORITY
	Logon ID:		0x3E5

Object:
	Object Server:		Security
	Object Type:		Key
	Object Name:		\REGISTRY\MACHINE\SYSTEM\ControlSet001\Control\Lsa
	Handle ID:		0x4bc
	Resource Attributes:	-

Process Information:
	Process ID:		0x788
	Process Name:		C:\Windows\System32\svchost.exe

Access Request Information:
	Transaction ID:		{00000000-0000-0000-0000-000000000000}
	Accesses:		Query key value
				
	Access Reasons:		-
	Access Mask:		0x1
	Privileges Used for Access Check:	-
	Restricted SID Count:	5"
,4663,,Security,,,,LOCAL SERVICE,NT AUTHORITY,0x3E5,,,,,,"An attempt was made to access an object.

Subject:
	Security ID:		S-1-5-19
	Account Name:		LOCAL SERVICE
	Account Domain:		NT AUTHORITY
	Logon ID:		0x3E5

Object:
	Object Server:		Security
	Object Type:		Key
	Object Name:		\REGISTRY\MACHINE\SYSTEM\ControlSet001\Control\Lsa
	Handle ID:		0x4bc
	Resource Attributes:	-

Process Information:
	Process ID:		0x788
	Process Name:		C:\Windows\System32\svchost.exe

Access Request Information:
	Accesses:		Query key value
				
	Access Mask:		0x1"
,4658,,Security,,,,LOCAL SERVICE,NT AUTHORITY,0x3E5,,,,,,"The handle to an object was closed.

Subject :
	Security ID:		S-1-5-19
	Account Name:		LOCAL SERVICE
	Account Domain:		NT AUTHORITY
	Logon ID:		0x3E5

Object:
	Object Server:		Security
	Handle ID:		0x4bc

Process Information:
	Process ID:		0x788
	Process Name:		C:\Windows\System32\svchost.exe"
,4690,,Security,,,,LOCAL SERVICE,NT AUTHORITY,0x3E5,,,,,,"An attempt was made to duplicate a handle to an object.

Subject:
	Security ID:		S-1-5-19
	Account Name:		LOCAL SERVICE
	Account Domain:		NT AUTHORITY
	Logon ID:		0x3E5

Source Handle Information:
	Source Handle ID:	0x4f0
	Source Process ID:	0x788

New Handle Information:
	Target Handle ID:	0x1dfc
	Target Process ID:	0x4"
,4658,,Security,,,,LOCAL SERVICE,NT AUTHORITY,0x3E5,,,,,,"The handle to an object was closed.

Subject :
	Security ID:		S-1-5-19
	Account Name:		LOCAL SERVICE
	Account Domain:		NT AUTHORITY
	Logon ID:		0x3E5

Object:
	Object Server:		Security
	Handle ID:		0x1dfc

Process Information:
	Process ID:		0x788
	Process Name:		C:\Windows\System32\svchost.exe"
,4656,,Security,,,,LOCAL SERVICE,NT AUTHORITY,0x3E5,,,,,,"A handle to an object was requested.

Subject:
	Security ID:		S-1-5-19
	Account Name:		LOCAL SERVICE
	Account Domain:		NT AUTHORITY
	Logon ID:		0x3E5

Object:
	Object Server:		Security
	Object Type:		Key
	Object Name:		\REGISTRY\MACHINE\SYSTEM\ControlSet001\Control\Lsa
	Handle ID:		0x4f0
	Resource Attributes:	-

Process Information:
	Process ID:		0x788
	Process Name:		C:\Windows\System32\svchost.exe

Access Request Information:
	Transaction ID:		{00000000-0000-0000-0000-000000000000}
	Accesses:		Query key value
				
	Access Reasons:		-
	Access Mask:		0x1
	Privileges Used for Access Check:	-
	Restricted SID Count:	5"
,4663,,Security,,,,LOCAL SERVICE,NT AUTHORITY,0x3E5,,,,,,"An attempt was made to access an object.

Subject:
	Security ID:		S-1-5-19
	Account Name:		LOCAL SERVICE
	Account Domain:		NT AUTHORITY
	Logon ID:		0x3E5

Object:
	Object Server:		Security
	Object Type:		Key
	Object Name:		\REGISTRY\MACHINE\SYSTEM\ControlSet001\Control\Lsa
	Handle ID:		0x4f0
	Resource Attributes:	-

Process Information:
	Process ID:		0x788
	Process Name:		C:\Windows\System32\svchost.exe

Access Request Information:
	Accesses:		Query key value
				
	Access Mask:		0x1"
,4658,,Security,,,,LOCAL SERVICE,NT AUTHORITY,0x3E5,,,,,,"The handle to an object was closed.

Subject :
	Security ID:		S-1-5-19
	Account Name:		LOCAL SERVICE
	Account Domain:		NT AUTHORITY
	Logon ID:		0x3E5

Object:
	Object Server:		Security
	Handle ID:		0x4f0

Process Information:
	Process ID:		0x788
	Process Name:		C:\Windows\System32\svchost.exe"
,4658,,Security,,,,LOCAL SERVICE,NT AUTHORITY,0x3E5,,,,,,"The handle to an object was closed.

Subject :
	Security ID:		S-1-5-19
	Account Name:		LOCAL SERVICE
	Account Domain:		NT AUTHORITY
	Logon ID:		0x3E5

Object:
	Object Server:		Security
	Handle ID:		0x1884

Process Information:
	Process ID:		0x788
	Process Name:		C:\Windows\System32\svchost.exe"
,4656,,Security,,,,LOCAL SERVICE,NT AUTHORITY,0x3E5,,,,,,"A handle to an object was requested.

Subject:
	Security ID:		S-1-5-19
	Account Name:		LOCAL SERVICE
	Account Domain:		NT AUTHORITY
	Logon ID:		0x3E5

Object:
	Object Server:		Security
	Object Type:		Key
	Object Name:		\REGISTRY\MACHINE\SYSTEM\ControlSet001\Control\Lsa
	Handle ID:		0x4bc
	Resource Attributes:	-

Process Information:
	Process ID:		0x788
	Process Name:		C:\Windows\System32\svchost.exe

Access Request Information:
	Transaction ID:		{00000000-0000-0000-0000-000000000000}
	Accesses:		Query key value
				
	Access Reasons:		-
	Access Mask:		0x1
	Privileges Used for Access Check:	-
	Restricted SID Count:	5"
,4663,,Security,,,,LOCAL SERVICE,NT AUTHORITY,0x3E5,,,,,,"An attempt was made to access an object.

Subject:
	Security ID:		S-1-5-19
	Account Name:		LOCAL SERVICE
	Account Domain:		NT AUTHORITY
	Logon ID:		0x3E5

Object:
	Object Server:		Security
	Object Type:		Key
	Object Name:		\REGISTRY\MACHINE\SYSTEM\ControlSet001\Control\Lsa
	Handle ID:		0x4a4
	Resource Attributes:	-

Process Information:
	Process ID:		0x788
	Process Name:		C:\Windows\System32\svchost.exe

Access Request Information:
	Accesses:		Query key value
				
	Access Mask:		0x1"
,4690,,Security,,,,LOCAL SERVICE,NT AUTHORITY,0x3E5,,,,,,"An attempt was made to duplicate a handle to an object.

Subject:
	Security ID:		S-1-5-19
	Account Name:		LOCAL SERVICE
	Account Domain:		NT AUTHORITY
	Logon ID:		0x3E5

Source Handle Information:
	Source Handle ID:	0x5f8
	Source Process ID:	0x788

New Handle Information:
	Target Handle ID:	0x2624
	Target Process ID:	0x4"
,4663,,Security,,,,LOCAL SERVICE,NT AUTHORITY,0x3E5,,,,,,"An attempt was made to access an object.

Subject:
	Security ID:		S-1-5-19
	Account Name:		LOCAL SERVICE
	Account Domain:		NT AUTHORITY
	Logon ID:		0x3E5

Object:
	Object Server:		Security
	Object Type:		Key
	Object Name:		\REGISTRY\MACHINE\SYSTEM\ControlSet001\Control\Lsa
	Handle ID:		0x4a4
	Resource Attributes:	-

Process Information:
	Process ID:		0x788
	Process Name:		C:\Windows\System32\svchost.exe

Access Request Information:
	Accesses:		Query key value
				
	Access Mask:		0x1"
,4658,,Security,,,,LOCAL SERVICE,NT AUTHORITY,0x3E5,,,,,,"The handle to an object was closed.

Subject :
	Security ID:		S-1-5-19
	Account Name:		LOCAL SERVICE
	Account Domain:		NT AUTHORITY
	Logon ID:		0x3E5

Object:
	Object Server:		Security
	Handle ID:		0x4a4

Process Information:
	Process ID:		0x788
	Process Name:		C:\Windows\System32\svchost.exe"
,4690,,Security,,,,LOCAL SERVICE,NT AUTHORITY,0x3E5,,,,,,"An attempt was made to duplicate a handle to an object.

Subject:
	Security ID:		S-1-5-19
	Account Name:		LOCAL SERVICE
	Account Domain:		NT AUTHORITY
	Logon ID:		0x3E5

Source Handle Information:
	Source Handle ID:	0x4f0
	Source Process ID:	0x788

New Handle Information:
	Target Handle ID:	0x1dfc
	Target Process ID:	0x4"
,4658,,Security,,,,LOCAL SERVICE,NT AUTHORITY,0x3E5,,,,,,"The handle to an object was closed.

Subject :
	Security ID:		S-1-5-19
	Account Name:		LOCAL SERVICE
	Account Domain:		NT AUTHORITY
	Logon ID:		0x3E5

Object:
	Object Server:		Security
	Handle ID:		0x1dfc

Process Information:
	Process ID:		0x788
	Process Name:		C:\Windows\System32\svchost.exe"
,4656,,Security,,,,LOCAL SERVICE,NT AUTHORITY,0x3E5,,,,,,"A handle to an object was requested.

Subject:
	Security ID:		S-1-5-19
	Account Name:		LOCAL SERVICE
	Account Domain:		NT AUTHORITY
	Logon ID:		0x3E5

Object:
	Object Server:		Security
	Object Type:		Key
	Object Name:		\REGISTRY\MACHINE\SYSTEM\ControlSet001\Control\Lsa
	Handle ID:		0x4f0
	Resource Attributes:	-

Process Information:
	Process ID:		0x788
	Process Name:		C:\Windows\System32\svchost.exe

Access Request Information:
	Transaction ID:		{00000000-0000-0000-0000-000000000000}
	Accesses:		Query key value
				
	Access Reasons:		-
	Access Mask:		0x1
	Privileges Used for Access Check:	-
	Restricted SID Count:	5"
,4663,,Security,,,,LOCAL SERVICE,NT AUTHORITY,0x3E5,,,,,,"An attempt was made to access an object.

Subject:
	Security ID:		S-1-5-19
	Account Name:		LOCAL SERVICE
	Account Domain:		NT AUTHORITY
	Logon ID:		0x3E5

Object:
	Object Server:		Security
	Object Type:		Key
	Object Name:		\REGISTRY\MACHINE\SYSTEM\ControlSet001\Control\Lsa
	Handle ID:		0x4f0
	Resource Attributes:	-

Process Information:
	Process ID:		0x788
	Process Name:		C:\Windows\System32\svchost.exe

Access Request Information:
	Accesses:		Query key value
				
	Access Mask:		0x1"
,4658,,Security,,,,LOCAL SERVICE,NT AUTHORITY,0x3E5,,,,,,"The handle to an object was closed.

Subject :
	Security ID:		S-1-5-19
	Account Name:		LOCAL SERVICE
	Account Domain:		NT AUTHORITY
	Logon ID:		0x3E5

Object:
	Object Server:		Security
	Handle ID:		0x4f0

Process Information:
	Process ID:		0x788
	Process Name:		C:\Windows\System32\svchost.exe"
,4690,,Security,,,,LOCAL SERVICE,NT AUTHORITY,0x3E5,,,,,,"An attempt was made to duplicate a handle to an object.

Subject:
	Security ID:		S-1-5-19
	Account Name:		LOCAL SERVICE
	Account Domain:		NT AUTHORITY
	Logon ID:		0x3E5

Source Handle Information:
	Source Handle ID:	0x4bc
	Source Process ID:	0x788

New Handle Information:
	Target Handle ID:	0x1884
	Target Process ID:	0x4"
,4656,,Security,,,,LOCAL SERVICE,NT AUTHORITY,0x3E5,,,,,,"A handle to an object was requested.

Subject:
	Security ID:		S-1-5-19
	Account Name:		LOCAL SERVICE
	Account Domain:		NT AUTHORITY
	Logon ID:		0x3E5

Object:
	Object Server:		Security
	Object Type:		Key
	Object Name:		\REGISTRY\MACHINE\SYSTEM\ControlSet001\Control\Lsa
	Handle ID:		0x4a4
	Resource Attributes:	-

Process Information:
	Process ID:		0x788
	Process Name:		C:\Windows\System32\svchost.exe

Access Request Information:
	Transaction ID:		{00000000-0000-0000-0000-000000000000}
	Accesses:		Query key value
				
	Access Reasons:		-
	Access Mask:		0x1
	Privileges Used for Access Check:	-
	Restricted SID Count:	5"
,4658,,Security,,,,LOCAL SERVICE,NT AUTHORITY,0x3E5,,,,,,"The handle to an object was closed.

Subject :
	Security ID:		S-1-5-19
	Account Name:		LOCAL SERVICE
	Account Domain:		NT AUTHORITY
	Logon ID:		0x3E5

Object:
	Object Server:		Security
	Handle ID:		0x1884

Process Information:
	Process ID:		0x788
	Process Name:		C:\Windows\System32\svchost.exe"
,4663,,Security,,,,LOCAL SERVICE,NT AUTHORITY,0x3E5,,,,,,"An attempt was made to access an object.

Subject:
	Security ID:		S-1-5-19
	Account Name:		LOCAL SERVICE
	Account Domain:		NT AUTHORITY
	Logon ID:		0x3E5

Object:
	Object Server:		Security
	Object Type:		Key
	Object Name:		\REGISTRY\MACHINE\SYSTEM\ControlSet001\Control\Lsa
	Handle ID:		0x4bc
	Resource Attributes:	-

Process Information:
	Process ID:		0x788
	Process Name:		C:\Windows\System32\svchost.exe

Access Request Information:
	Accesses:		Query key value
				
	Access Mask:		0x1"
,4658,,Security,,,,LOCAL SERVICE,NT AUTHORITY,0x3E5,,,,,,"The handle to an object was closed.

Subject :
	Security ID:		S-1-5-19
	Account Name:		LOCAL SERVICE
	Account Domain:		NT AUTHORITY
	Logon ID:		0x3E5

Object:
	Object Server:		Security
	Handle ID:		0x4bc

Process Information:
	Process ID:		0x788
	Process Name:		C:\Windows\System32\svchost.exe"
,4690,,Security,,,,LOCAL SERVICE,NT AUTHORITY,0x3E5,,,,,,"An attempt was made to duplicate a handle to an object.

Subject:
	Security ID:		S-1-5-19
	Account Name:		LOCAL SERVICE
	Account Domain:		NT AUTHORITY
	Logon ID:		0x3E5

Source Handle Information:
	Source Handle ID:	0x4f0
	Source Process ID:	0x788

New Handle Information:
	Target Handle ID:	0x1dfc
	Target Process ID:	0x4"
,4658,,Security,,,,LOCAL SERVICE,NT AUTHORITY,0x3E5,,,,,,"The handle to an object was closed.

Subject :
	Security ID:		S-1-5-19
	Account Name:		LOCAL SERVICE
	Account Domain:		NT AUTHORITY
	Logon ID:		0x3E5

Object:
	Object Server:		Security
	Handle ID:		0x1dfc

Process Information:
	Process ID:		0x788
	Process Name:		C:\Windows\System32\svchost.exe"
,4656,,Security,,,,LOCAL SERVICE,NT AUTHORITY,0x3E5,,,,,,"A handle to an object was requested.

Subject:
	Security ID:		S-1-5-19
	Account Name:		LOCAL SERVICE
	Account Domain:		NT AUTHORITY
	Logon ID:		0x3E5

Object:
	Object Server:		Security
	Object Type:		Key
	Object Name:		\REGISTRY\MACHINE\SYSTEM\ControlSet001\Control\Lsa
	Handle ID:		0x4f0
	Resource Attributes:	-

Process Information:
	Process ID:		0x788
	Process Name:		C:\Windows\System32\svchost.exe

Access Request Information:
	Transaction ID:		{00000000-0000-0000-0000-000000000000}
	Accesses:		Query key value
				
	Access Reasons:		-
	Access Mask:		0x1
	Privileges Used for Access Check:	-
	Restricted SID Count:	5"
,4663,,Security,,,,LOCAL SERVICE,NT AUTHORITY,0x3E5,,,,,,"An attempt was made to access an object.

Subject:
	Security ID:		S-1-5-19
	Account Name:		LOCAL SERVICE
	Account Domain:		NT AUTHORITY
	Logon ID:		0x3E5

Object:
	Object Server:		Security
	Object Type:		Key
	Object Name:		\REGISTRY\MACHINE\SYSTEM\ControlSet001\Control\Lsa
	Handle ID:		0x4f0
	Resource Attributes:	-

Process Information:
	Process ID:		0x788
	Process Name:		C:\Windows\System32\svchost.exe

Access Request Information:
	Accesses:		Query key value
				
	Access Mask:		0x1"
,4658,,Security,,,,LOCAL SERVICE,NT AUTHORITY,0x3E5,,,,,,"The handle to an object was closed.

Subject :
	Security ID:		S-1-5-19
	Account Name:		LOCAL SERVICE
	Account Domain:		NT AUTHORITY
	Logon ID:		0x3E5

Object:
	Object Server:		Security
	Handle ID:		0x4f0

Process Information:
	Process ID:		0x788
	Process Name:		C:\Windows\System32\svchost.exe"
,4690,,Security,,,,LOCAL SERVICE,NT AUTHORITY,0x3E5,,,,,,"An attempt was made to duplicate a handle to an object.

Subject:
	Security ID:		S-1-5-19
	Account Name:		LOCAL SERVICE
	Account Domain:		NT AUTHORITY
	Logon ID:		0x3E5

Source Handle Information:
	Source Handle ID:	0x4bc
	Source Process ID:	0x788

New Handle Information:
	Target Handle ID:	0x1884
	Target Process ID:	0x4"
,4656,,Security,,,,LOCAL SERVICE,NT AUTHORITY,0x3E5,,,,,,"A handle to an object was requested.

Subject:
	Security ID:		S-1-5-19
	Account Name:		LOCAL SERVICE
	Account Domain:		NT AUTHORITY
	Logon ID:		0x3E5

Object:
	Object Server:		Security
	Object Type:		Key
	Object Name:		\REGISTRY\MACHINE\SYSTEM\ControlSet001\Control\Lsa
	Handle ID:		0x4bc
	Resource Attributes:	-

Process Information:
	Process ID:		0x788
	Process Name:		C:\Windows\System32\svchost.exe

Access Request Information:
	Transaction ID:		{00000000-0000-0000-0000-000000000000}
	Accesses:		Query key value
				
	Access Reasons:		-
	Access Mask:		0x1
	Privileges Used for Access Check:	-
	Restricted SID Count:	5"
,4658,,Security,,,,LOCAL SERVICE,NT AUTHORITY,0x3E5,,,,,,"The handle to an object was closed.

Subject :
	Security ID:		S-1-5-19
	Account Name:		LOCAL SERVICE
	Account Domain:		NT AUTHORITY
	Logon ID:		0x3E5

Object:
	Object Server:		Security
	Handle ID:		0x4a4

Process Information:
	Process ID:		0x788
	Process Name:		C:\Windows\System32\svchost.exe"
,4658,,Security,,,,LOCAL SERVICE,NT AUTHORITY,0x3E5,,,,,,"The handle to an object was closed.

Subject :
	Security ID:		S-1-5-19
	Account Name:		LOCAL SERVICE
	Account Domain:		NT AUTHORITY
	Logon ID:		0x3E5

Object:
	Object Server:		Security
	Handle ID:		0x1bc

Process Information:
	Process ID:		0x788
	Process Name:		C:\Windows\System32\svchost.exe"
,4658,,Security,,,,LOCAL SERVICE,NT AUTHORITY,0x3E5,,,,,,"The handle to an object was closed.

Subject :
	Security ID:		S-1-5-19
	Account Name:		LOCAL SERVICE
	Account Domain:		NT AUTHORITY
	Logon ID:		0x3E5

Object:
	Object Server:		Security
	Handle ID:		0x5f8

Process Information:
	Process ID:		0x788
	Process Name:		C:\Windows\System32\svchost.exe"
,4658,,Security,,,,LOCAL SERVICE,NT AUTHORITY,0x3E5,,,,,,"The handle to an object was closed.

Subject :
	Security ID:		S-1-5-19
	Account Name:		LOCAL SERVICE
	Account Domain:		NT AUTHORITY
	Logon ID:		0x3E5

Object:
	Object Server:		Security
	Handle ID:		0x2624

Process Information:
	Process ID:		0x788
	Process Name:		C:\Windows\System32\svchost.exe"
,4656,,Security,,,,LOCAL SERVICE,NT AUTHORITY,0x3E5,,,,,,"A handle to an object was requested.

Subject:
	Security ID:		S-1-5-19
	Account Name:		LOCAL SERVICE
	Account Domain:		NT AUTHORITY
	Logon ID:		0x3E5

Object:
	Object Server:		Security
	Object Type:		Key
	Object Name:		\REGISTRY\MACHINE\SYSTEM\ControlSet001\Control\Lsa
	Handle ID:		0x5f8
	Resource Attributes:	-

Process Information:
	Process ID:		0x788
	Process Name:		C:\Windows\System32\svchost.exe

Access Request Information:
	Transaction ID:		{00000000-0000-0000-0000-000000000000}
	Accesses:		Query key value
				
	Access Reasons:		-
	Access Mask:		0x1
	Privileges Used for Access Check:	-
	Restricted SID Count:	5"
,4663,,Security,,,,LOCAL SERVICE,NT AUTHORITY,0x3E5,,,,,,"An attempt was made to access an object.

Subject:
	Security ID:		S-1-5-19
	Account Name:		LOCAL SERVICE
	Account Domain:		NT AUTHORITY
	Logon ID:		0x3E5

Object:
	Object Server:		Security
	Object Type:		Key
	Object Name:		\REGISTRY\MACHINE\SYSTEM\ControlSet001\Control\Lsa
	Handle ID:		0x5f8
	Resource Attributes:	-

Process Information:
	Process ID:		0x788
	Process Name:		C:\Windows\System32\svchost.exe

Access Request Information:
	Accesses:		Query key value
				
	Access Mask:		0x1"
,4658,,Security,,,,LOCAL SERVICE,NT AUTHORITY,0x3E5,,,,,,"The handle to an object was closed.

Subject :
	Security ID:		S-1-5-19
	Account Name:		LOCAL SERVICE
	Account Domain:		NT AUTHORITY
	Logon ID:		0x3E5

Object:
	Object Server:		Security
	Handle ID:		0x5f8

Process Information:
	Process ID:		0x788
	Process Name:		C:\Windows\System32\svchost.exe"
,4690,,Security,,,,LOCAL SERVICE,NT AUTHORITY,0x3E5,,,,,,"An attempt was made to duplicate a handle to an object.

Subject:
	Security ID:		S-1-5-19
	Account Name:		LOCAL SERVICE
	Account Domain:		NT AUTHORITY
	Logon ID:		0x3E5

Source Handle Information:
	Source Handle ID:	0x4a4
	Source Process ID:	0x788

New Handle Information:
	Target Handle ID:	0x2624
	Target Process ID:	0x4"
,4658,,Security,,,,LOCAL SERVICE,NT AUTHORITY,0x3E5,,,,,,"The handle to an object was closed.

Subject :
	Security ID:		S-1-5-19
	Account Name:		LOCAL SERVICE
	Account Domain:		NT AUTHORITY
	Logon ID:		0x3E5

Object:
	Object Server:		Security
	Handle ID:		0x2624

Process Information:
	Process ID:		0x788
	Process Name:		C:\Windows\System32\svchost.exe"
,4656,,Security,,,,LOCAL SERVICE,NT AUTHORITY,0x3E5,,,,,,"A handle to an object was requested.

Subject:
	Security ID:		S-1-5-19
	Account Name:		LOCAL SERVICE
	Account Domain:		NT AUTHORITY
	Logon ID:		0x3E5

Object:
	Object Server:		Security
	Object Type:		Key
	Object Name:		\REGISTRY\MACHINE\SYSTEM\ControlSet001\Control\Lsa
	Handle ID:		0x4a4
	Resource Attributes:	-

Process Information:
	Process ID:		0x788
	Process Name:		C:\Windows\System32\svchost.exe

Access Request Information:
	Transaction ID:		{00000000-0000-0000-0000-000000000000}
	Accesses:		Query key value
				
	Access Reasons:		-
	Access Mask:		0x1
	Privileges Used for Access Check:	-
	Restricted SID Count:	5"
,4663,,Security,,,,LOCAL SERVICE,NT AUTHORITY,0x3E5,,,,,,"An attempt was made to access an object.

Subject:
	Security ID:		S-1-5-19
	Account Name:		LOCAL SERVICE
	Account Domain:		NT AUTHORITY
	Logon ID:		0x3E5

Object:
	Object Server:		Security
	Object Type:		Key
	Object Name:		\REGISTRY\MACHINE\SYSTEM\ControlSet001\Control\Lsa
	Handle ID:		0x4a4
	Resource Attributes:	-

Process Information:
	Process ID:		0x788
	Process Name:		C:\Windows\System32\svchost.exe

Access Request Information:
	Accesses:		Query key value
				
	Access Mask:		0x1"
,4690,,Security,,,,LOCAL SERVICE,NT AUTHORITY,0x3E5,,,,,,"An attempt was made to duplicate a handle to an object.

Subject:
	Security ID:		S-1-5-19
	Account Name:		LOCAL SERVICE
	Account Domain:		NT AUTHORITY
	Logon ID:		0x3E5

Source Handle Information:
	Source Handle ID:	0x4a4
	Source Process ID:	0x788

New Handle Information:
	Target Handle ID:	0x1bc
	Target Process ID:	0x4"
,4658,,Security,,,,LOCAL SERVICE,NT AUTHORITY,0x3E5,,,,,,"The handle to an object was closed.

Subject :
	Security ID:		S-1-5-19
	Account Name:		LOCAL SERVICE
	Account Domain:		NT AUTHORITY
	Logon ID:		0x3E5

Object:
	Object Server:		Security
	Handle ID:		0x4a4

Process Information:
	Process ID:		0x788
	Process Name:		C:\Windows\System32\svchost.exe"
,4658,,Security,,,,LOCAL SERVICE,NT AUTHORITY,0x3E5,,,,,,"The handle to an object was closed.

Subject :
	Security ID:		S-1-5-19
	Account Name:		LOCAL SERVICE
	Account Domain:		NT AUTHORITY
	Logon ID:		0x3E5

Object:
	Object Server:		Security
	Handle ID:		0x1884

Process Information:
	Process ID:		0x788
	Process Name:		C:\Windows\System32\svchost.exe"
,4656,,Security,,,,LOCAL SERVICE,NT AUTHORITY,0x3E5,,,,,,"A handle to an object was requested.

Subject:
	Security ID:		S-1-5-19
	Account Name:		LOCAL SERVICE
	Account Domain:		NT AUTHORITY
	Logon ID:		0x3E5

Object:
	Object Server:		Security
	Object Type:		Key
	Object Name:		\REGISTRY\MACHINE\SYSTEM\ControlSet001\Control\Lsa
	Handle ID:		0x4bc
	Resource Attributes:	-

Process Information:
	Process ID:		0x788
	Process Name:		C:\Windows\System32\svchost.exe

Access Request Information:
	Transaction ID:		{00000000-0000-0000-0000-000000000000}
	Accesses:		Query key value
				
	Access Reasons:		-
	Access Mask:		0x1
	Privileges Used for Access Check:	-
	Restricted SID Count:	5"
,4663,,Security,,,,LOCAL SERVICE,NT AUTHORITY,0x3E5,,,,,,"An attempt was made to access an object.

Subject:
	Security ID:		S-1-5-19
	Account Name:		LOCAL SERVICE
	Account Domain:		NT AUTHORITY
	Logon ID:		0x3E5

Object:
	Object Server:		Security
	Object Type:		Key
	Object Name:		\REGISTRY\MACHINE\SYSTEM\ControlSet001\Control\Lsa
	Handle ID:		0x4bc
	Resource Attributes:	-

Process Information:
	Process ID:		0x788
	Process Name:		C:\Windows\System32\svchost.exe

Access Request Information:
	Accesses:		Query key value
				
	Access Mask:		0x1"
,4658,,Security,,,,LOCAL SERVICE,NT AUTHORITY,0x3E5,,,,,,"The handle to an object was closed.

Subject :
	Security ID:		S-1-5-19
	Account Name:		LOCAL SERVICE
	Account Domain:		NT AUTHORITY
	Logon ID:		0x3E5

Object:
	Object Server:		Security
	Handle ID:		0x4bc

Process Information:
	Process ID:		0x788
	Process Name:		C:\Windows\System32\svchost.exe"
,4690,,Security,,,,LOCAL SERVICE,NT AUTHORITY,0x3E5,,,,,,"An attempt was made to duplicate a handle to an object.

Subject:
	Security ID:		S-1-5-19
	Account Name:		LOCAL SERVICE
	Account Domain:		NT AUTHORITY
	Logon ID:		0x3E5

Source Handle Information:
	Source Handle ID:	0x5f8
	Source Process ID:	0x788

New Handle Information:
	Target Handle ID:	0x1bc
	Target Process ID:	0x4"
,4658,,Security,,,,LOCAL SERVICE,NT AUTHORITY,0x3E5,,,,,,"The handle to an object was closed.

Subject :
	Security ID:		S-1-5-19
	Account Name:		LOCAL SERVICE
	Account Domain:		NT AUTHORITY
	Logon ID:		0x3E5

Object:
	Object Server:		Security
	Handle ID:		0x1bc

Process Information:
	Process ID:		0x788
	Process Name:		C:\Windows\System32\svchost.exe"
,4656,,Security,,,,LOCAL SERVICE,NT AUTHORITY,0x3E5,,,,,,"A handle to an object was requested.

Subject:
	Security ID:		S-1-5-19
	Account Name:		LOCAL SERVICE
	Account Domain:		NT AUTHORITY
	Logon ID:		0x3E5

Object:
	Object Server:		Security
	Object Type:		Key
	Object Name:		\REGISTRY\MACHINE\SYSTEM\ControlSet001\Control\Lsa
	Handle ID:		0x5f8
	Resource Attributes:	-

Process Information:
	Process ID:		0x788
	Process Name:		C:\Windows\System32\svchost.exe

Access Request Information:
	Transaction ID:		{00000000-0000-0000-0000-000000000000}
	Accesses:		Query key value
				
	Access Reasons:		-
	Access Mask:		0x1
	Privileges Used for Access Check:	-
	Restricted SID Count:	5"
,4663,,Security,,,,LOCAL SERVICE,NT AUTHORITY,0x3E5,,,,,,"An attempt was made to access an object.

Subject:
	Security ID:		S-1-5-19
	Account Name:		LOCAL SERVICE
	Account Domain:		NT AUTHORITY
	Logon ID:		0x3E5

Object:
	Object Server:		Security
	Object Type:		Key
	Object Name:		\REGISTRY\MACHINE\SYSTEM\ControlSet001\Control\Lsa
	Handle ID:		0x5f8
	Resource Attributes:	-

Process Information:
	Process ID:		0x788
	Process Name:		C:\Windows\System32\svchost.exe

Access Request Information:
	Accesses:		Query key value
				
	Access Mask:		0x1"
,4690,,Security,,,,LOCAL SERVICE,NT AUTHORITY,0x3E5,,,,,,"An attempt was made to duplicate a handle to an object.

Subject:
	Security ID:		S-1-5-19
	Account Name:		LOCAL SERVICE
	Account Domain:		NT AUTHORITY
	Logon ID:		0x3E5

Source Handle Information:
	Source Handle ID:	0x4bc
	Source Process ID:	0x788

New Handle Information:
	Target Handle ID:	0x1884
	Target Process ID:	0x4"
,5158,,Security,,,,,,,,,,,,"The Windows Filtering Platform has permitted a bind to a local port.

Application Information:
	Process ID:		704
	Application Name:	\device\harddiskvolume2\windows\system32\lsass.exe

Network Information:
	Source Address:		::
	Source Port:		51907
	Protocol:		17

Filter Information:
	Filter Run-Time ID:	0
	Layer Name:		Resource Assignment
	Layer Run-Time ID:	38"
,5156,,Security,,,,,,,,,,,,"The Windows Filtering Platform has permitted a connection.

Application Information:
	Process ID:		704
	Application Name:	\device\harddiskvolume2\windows\system32\lsass.exe

Network Information:
	Direction:		Outbound
	Source Address:		::1
	Source Port:		51907
	Destination Address:	::1
	Destination Port:		53
	Protocol:		17

Filter Information:
	Filter Run-Time ID:	65853
	Layer Name:		Connect
	Layer Run-Time ID:	50"
,5158,,Security,,,,,,,,,,,,"The Windows Filtering Platform has permitted a bind to a local port.

Application Information:
	Process ID:		704
	Application Name:	\device\harddiskvolume2\windows\system32\lsass.exe

Network Information:
	Source Address:		::
	Source Port:		51907
	Protocol:		17

Filter Information:
	Filter Run-Time ID:	0
	Layer Name:		Resource Assignment
	Layer Run-Time ID:	38"
,4703,,Security,,,,MORDORDC$,THESHIRE,0x3E7,,,,,,"A token right was adjusted.

Subject:
	Security ID:		S-1-5-18
	Account Name:		MORDORDC$
	Account Domain:		THESHIRE
	Logon ID:		0x3E7

Target Account:
	Security ID:		S-1-0-0
	Account Name:		MORDORDC$
	Account Domain:		THESHIRE
	Logon ID:		0x3E7

Process Information:
	Process ID:		0x2c0
	Process Name:		C:\Windows\System32\lsass.exe

Enabled Privileges:
			SeCreateTokenPrivilege
			SeAssignPrimaryTokenPrivilege
			SeIncreaseQuotaPrivilege
			SeSecurityPrivilege
			SeTakeOwnershipPrivilege
			SeLoadDriverPrivilege
			SeSystemtimePrivilege
			SeBackupPrivilege
			SeRestorePrivilege
			SeShutdownPrivilege
			SeSystemEnvironmentPrivilege
			SeUndockPrivilege
			SeManageVolumePrivilege
			SeTrustedCredManAccessPrivilege
			SeRelabelPrivilege

Disabled Privileges:
			-"
,5158,,Security,,,,,,,,,,,,"The Windows Filtering Platform has permitted a bind to a local port.

Application Information:
	Process ID:		4
	Application Name:	System

Network Information:
	Source Address:		::
	Source Port:		54215
	Protocol:		6

Filter Information:
	Filter Run-Time ID:	0
	Layer Name:		Resource Assignment
	Layer Run-Time ID:	38"
,5156,,Security,,,,,,,,,,,,"The Windows Filtering Platform has permitted a connection.

Application Information:
	Process ID:		4
	Application Name:	System

Network Information:
	Direction:		Outbound
	Source Address:		fe80::3816:b2ee:1b9b:324b
	Source Port:		54215
	Destination Address:	fe80::3816:b2ee:1b9b:324b
	Destination Port:		445
	Protocol:		6

Filter Information:
	Filter Run-Time ID:	65853
	Layer Name:		Connect
	Layer Run-Time ID:	50"
,5156,,Security,,,,,,,,,,,,"The Windows Filtering Platform has permitted a connection.

Application Information:
	Process ID:		4
	Application Name:	System

Network Information:
	Direction:		Inbound
	Source Address:		fe80::3816:b2ee:1b9b:324b
	Source Port:		54215
	Destination Address:	fe80::3816:b2ee:1b9b:324b
	Destination Port:		445
	Protocol:		6

Filter Information:
	Filter Run-Time ID:	65851
	Layer Name:		Receive/Accept
	Layer Run-Time ID:	46"
,4672,,Security,,,,MORDORDC$,THESHIRE,0x2B6BD63,,,"SeSecurityPrivilege, SeBackupPrivilege, SeRestorePrivilege, SeTakeOwnershipPrivilege, SeDebugPrivilege, SeSystemEnvironmentPrivilege, SeLoadDriverPrivilege, SeImpersonatePrivilege, SeDelegateSessionUserImpersonatePrivilege, SeEnableDelegationPrivilege",,,"Special privileges assigned to new logon.

Subject:
	Security ID:		S-1-5-18
	Account Name:		MORDORDC$
	Account Domain:		THESHIRE
	Logon ID:		0x2B6BD63

Privileges:		SeSecurityPrivilege
			SeBackupPrivilege
			SeRestorePrivilege
			SeTakeOwnershipPrivilege
			SeDebugPrivilege
			SeSystemEnvironmentPrivilege
			SeLoadDriverPrivilege
			SeImpersonatePrivilege
			SeDelegateSessionUserImpersonatePrivilege
			SeEnableDelegationPrivilege"
,4624,,Security,,,,-,-,0x0,,,,3,-,"An account was successfully logged on.

Subject:
	Security ID:		S-1-0-0
	Account Name:		-
	Account Domain:		-
	Logon ID:		0x0

Logon Information:
	Logon Type:		3
	Restricted Admin Mode:	-
	Virtual Account:		No
	Elevated Token:		Yes

Impersonation Level:		Delegation

New Logon:
	Security ID:		S-1-5-18
	Account Name:		MORDORDC$
	Account Domain:		THESHIRE.LOCAL
	Logon ID:		0x2B6BD63
	Linked Logon ID:		0x0
	Network Account Name:	-
	Network Account Domain:	-
	Logon GUID:		{cb57a83c-383c-eb3a-703b-c7c9ffd72f9c}

Process Information:
	Process ID:		0x0
	Process Name:		-

Network Information:
	Workstation Name:	-
	Source Network Address:	fe80::3816:b2ee:1b9b:324b
	Source Port:		54215

Detailed Authentication Information:
	Logon Process:		Kerberos
	Authentication Package:	Kerberos
	Transited Services:	-
	Package Name (NTLM only):	-
	Key Length:		0

This event is generated when a logon session is created. It is generated on the computer that was accessed.

The subject fields indicate the account on the local system which requested the logon. This is most commonly a service such as the Server service, or a local process such as Winlogon.exe or Services.exe.

The logon type field indicates the kind of logon that occurred. The most common types are 2 (interactive) and 3 (network).

The New Logon fields indicate the account for whom the new logon was created, i.e. the account that was logged on.

The network fields indicate where a remote logon request originated. Workstation name is not always available and may be left blank in some cases.

The impersonation level field indicates the extent to which a process in the logon session can impersonate.

The authentication information fields provide detailed information about this specific logon request.
	- Logon GUID is a unique identifier that can be used to correlate this event with a KDC event.
	- Transited services indicate which intermediate services have participated in this logon request.
	- Package name indicates which sub-protocol was used among the NTLM protocols.
	- Key length indicates the length of the generated session key. This will be 0 if no session key was requested."
,4627,,Security,,,,-,-,0x0,,,,,,"Group membership information.

Subject:
	Security ID:		S-1-0-0
	Account Name:		-
	Account Domain:		-
	Logon ID:		0x0

Logon Type:			3

New Logon:
	Security ID:		S-1-5-18
	Account Name:		MORDORDC$
	Account Domain:		THESHIRE.LOCAL
	Logon ID:		0x2B6BD63

Event in sequence:		1 of 1

Group Membership:			
		%{S-1-5-32-544}
		%{S-1-1-0}
		%{S-1-5-32-554}
		%{S-1-5-32-545}
		%{S-1-5-32-555}
		%{S-1-5-32-560}
		%{S-1-5-2}
		%{S-1-5-11}
		%{S-1-5-15}
		%{S-1-5-21-1363495622-3806888128-621328882-1000}
		%{S-1-5-21-1363495622-3806888128-621328882-516}
		%{S-1-5-9}
		%{S-1-18-1}
		%{S-1-5-21-1363495622-3806888128-621328882-572}
		%{S-1-16-16384}

The subject fields indicate the account on the local system which requested the logon. This is most commonly a service such as the Server service, or a local process such as Winlogon.exe or Services.exe.

The logon type field indicates the kind of logon that occurred. The most common types are 2 (interactive) and 3 (network).

The New Logon fields indicate the account for whom the new logon was created, i.e. the account that was logged on.

This event is generated when the Audit Group Membership subcategory is configured.  The Logon ID field can be used to correlate this event with the corresponding user logon event as well as to any other security audit events generated during this logon session."
,5140,,Security,,,,MORDORDC$,THESHIRE,0x2B6BD63,,,,,,"A network share object was accessed.
	
Subject:
	Security ID:		S-1-5-18
	Account Name:		MORDORDC$
	Account Domain:		THESHIRE
	Logon ID:		0x2B6BD63

Network Information:	
	Object Type:		File
	Source Address:		fe80::3816:b2ee:1b9b:324b
	Source Port:		54215
	
Share Information:
	Share Name:		\\*\SYSVOL
	Share Path:		\??\C:\SYSVOL\sysvol

Access Request Information:
	Access Mask:		0x1
	Accesses:		ReadData (or ListDirectory)
				
"
,4658,,Security,,,,MORDORDC$,THESHIRE,0x3E7,,,,,,"The handle to an object was closed.

Subject :
	Security ID:		S-1-5-18
	Account Name:		MORDORDC$
	Account Domain:		THESHIRE
	Logon ID:		0x3E7

Object:
	Object Server:		Security
	Handle ID:		0x5e8

Process Information:
	Process ID:		0x6a0
	Process Name:		C:\Windows\System32\svchost.exe"
,5145,,Security,,,,MORDORDC$,THESHIRE,0x2B6BD63,,,,,,"A network share object was checked to see whether client can be granted desired access.
	
Subject:
	Security ID:		S-1-5-18
	Account Name:		MORDORDC$
	Account Domain:		THESHIRE
	Logon ID:		0x2B6BD63

Network Information:	
	Object Type:		File
	Source Address:		fe80::3816:b2ee:1b9b:324b
	Source Port:		54215
	
Share Information:
	Share Name:		\\*\SYSVOL
	Share Path:		\??\C:\SYSVOL\sysvol
	Relative Target Name:	theshire.local\Policies\{31B2F340-016D-11D2-945F-00C04FB984F9}\gpt.ini

Access Request Information:
	Access Mask:		0x120089
	Accesses:		READ_CONTROL
				SYNCHRONIZE
				ReadData (or ListDirectory)
				ReadEA
				ReadAttributes
				
Access Check Results:
	READ_CONTROL:	Granted by Ownership
				SYNCHRONIZE:	Granted by	D:(A;;0x1200a9;;;WD)
				ReadData (or ListDirectory):	Granted by	D:(A;;0x1200a9;;;WD)
				ReadEA:	Granted by	D:(A;;0x1200a9;;;WD)
				ReadAttributes:	Granted by	D:(A;;0x1200a9;;;WD)
				
"
,4690,,Security,,,,MORDORDC$,THESHIRE,0x3E7,,,,,,"An attempt was made to duplicate a handle to an object.

Subject:
	Security ID:		S-1-5-18
	Account Name:		MORDORDC$
	Account Domain:		THESHIRE
	Logon ID:		0x3E7

Source Handle Information:
	Source Handle ID:	0x3d4
	Source Process ID:	0x6a0

New Handle Information:
	Target Handle ID:	0x1be4
	Target Process ID:	0x4"
,4658,,Security,,,,MORDORDC$,THESHIRE,0x3E7,,,,,,"The handle to an object was closed.

Subject :
	Security ID:		S-1-5-18
	Account Name:		MORDORDC$
	Account Domain:		THESHIRE
	Logon ID:		0x3E7

Object:
	Object Server:		Security
	Handle ID:		0x1be4

Process Information:
	Process ID:		0x6a0
	Process Name:		C:\Windows\System32\svchost.exe"
,4656,,Security,,,,MORDORDC$,THESHIRE,0x3E7,,,,,,"A handle to an object was requested.

Subject:
	Security ID:		S-1-5-18
	Account Name:		MORDORDC$
	Account Domain:		THESHIRE
	Logon ID:		0x3E7

Object:
	Object Server:		Security
	Object Type:		Key
	Object Name:		\REGISTRY\MACHINE\SOFTWARE\Microsoft\Windows NT\CurrentVersion\Winlogon
	Handle ID:		0x3d4
	Resource Attributes:	-

Process Information:
	Process ID:		0x6a0
	Process Name:		C:\Windows\System32\svchost.exe

Access Request Information:
	Transaction ID:		{00000000-0000-0000-0000-000000000000}
	Accesses:		READ_CONTROL
				Query key value
				Enumerate sub-keys
				Notify about changes to keys
				
	Access Reasons:		-
	Access Mask:		0x20019
	Privileges Used for Access Check:	-
	Restricted SID Count:	0"
,4663,,Security,,,,MORDORDC$,THESHIRE,0x3E7,,,,,,"An attempt was made to access an object.

Subject:
	Security ID:		S-1-5-18
	Account Name:		MORDORDC$
	Account Domain:		THESHIRE
	Logon ID:		0x3E7

Object:
	Object Server:		Security
	Object Type:		Key
	Object Name:		\REGISTRY\MACHINE\SOFTWARE\Microsoft\Windows NT\CurrentVersion\Winlogon
	Handle ID:		0x3d4
	Resource Attributes:	-

Process Information:
	Process ID:		0x6a0
	Process Name:		C:\Windows\System32\svchost.exe

Access Request Information:
	Accesses:		Query key value
				
	Access Mask:		0x1"
,4658,,Security,,,,MORDORDC$,THESHIRE,0x3E7,,,,,,"The handle to an object was closed.

Subject :
	Security ID:		S-1-5-18
	Account Name:		MORDORDC$
	Account Domain:		THESHIRE
	Logon ID:		0x3E7

Object:
	Object Server:		Security
	Handle ID:		0x3d4

Process Information:
	Process ID:		0x6a0
	Process Name:		C:\Windows\System32\svchost.exe"
,4634,,Security,,,,MORDORDC$,THESHIRE,0x2B6BCE7,,,,,,"An account was logged off.

Subject:
	Security ID:		S-1-5-18
	Account Name:		MORDORDC$
	Account Domain:		THESHIRE
	Logon ID:		0x2B6BCE7

Logon Type:			3

This event is generated when a logon session is destroyed. It may be positively correlated with a logon event using the Logon ID value. Logon IDs are only unique between reboots on the same computer."
,4634,,Security,,,,MORDORDC$,THESHIRE,0x2B6BC9C,,,,,,"An account was logged off.

Subject:
	Security ID:		S-1-5-18
	Account Name:		MORDORDC$
	Account Domain:		THESHIRE
	Logon ID:		0x2B6BC9C

Logon Type:			3

This event is generated when a logon session is destroyed. It may be positively correlated with a logon event using the Logon ID value. Logon IDs are only unique between reboots on the same computer."
,4690,,Security,,,,MORDORDC$,THESHIRE,0x3E7,,,,,,"An attempt was made to duplicate a handle to an object.

Subject:
	Security ID:		S-1-5-18
	Account Name:		MORDORDC$
	Account Domain:		THESHIRE
	Logon ID:		0x3E7

Source Handle Information:
	Source Handle ID:	0x568
	Source Process ID:	0x6a0

New Handle Information:
	Target Handle ID:	0x27a4
	Target Process ID:	0x4"
,5145,,Security,,,,MORDORDC$,THESHIRE,0x2B6BD63,,,,,,"A network share object was checked to see whether client can be granted desired access.
	
Subject:
	Security ID:		S-1-5-18
	Account Name:		MORDORDC$
	Account Domain:		THESHIRE
	Logon ID:		0x2B6BD63

Network Information:	
	Object Type:		File
	Source Address:		fe80::3816:b2ee:1b9b:324b
	Source Port:		54215
	
Share Information:
	Share Name:		\\*\SYSVOL
	Share Path:		\??\C:\SYSVOL\sysvol
	Relative Target Name:	theshire.local\Policies\{6AC1786C-016F-11D2-945F-00C04fB984F9}\gpt.ini

Access Request Information:
	Access Mask:		0x120089
	Accesses:		READ_CONTROL
				SYNCHRONIZE
				ReadData (or ListDirectory)
				ReadEA
				ReadAttributes
				
Access Check Results:
	READ_CONTROL:	Granted by Ownership
				SYNCHRONIZE:	Granted by	D:(A;;0x1200a9;;;WD)
				ReadData (or ListDirectory):	Granted by	D:(A;;0x1200a9;;;WD)
				ReadEA:	Granted by	D:(A;;0x1200a9;;;WD)
				ReadAttributes:	Granted by	D:(A;;0x1200a9;;;WD)
				
"
,4658,,Security,,,,MORDORDC$,THESHIRE,0x3E7,,,,,,"The handle to an object was closed.

Subject :
	Security ID:		S-1-5-18
	Account Name:		MORDORDC$
	Account Domain:		THESHIRE
	Logon ID:		0x3E7

Object:
	Object Server:		Security
	Handle ID:		0x27a4

Process Information:
	Process ID:		0x6a0
	Process Name:		C:\Windows\System32\svchost.exe"
,4663,,Security,,,,MORDORDC$,THESHIRE,0x3E7,,,,,,"An attempt was made to access an object.

Subject:
	Security ID:		S-1-5-18
	Account Name:		MORDORDC$
	Account Domain:		THESHIRE
	Logon ID:		0x3E7

Object:
	Object Server:		Security
	Object Type:		Key
	Object Name:		\REGISTRY\MACHINE\SOFTWARE\Microsoft\Windows NT\CurrentVersion\Winlogon
	Handle ID:		0x5e8
	Resource Attributes:	-

Process Information:
	Process ID:		0x6a0
	Process Name:		C:\Windows\System32\svchost.exe

Access Request Information:
	Accesses:		Query key value
				
	Access Mask:		0x1"
,4658,,Security,,,,MORDORDC$,THESHIRE,0x3E7,,,,,,"The handle to an object was closed.

Subject :
	Security ID:		S-1-5-18
	Account Name:		MORDORDC$
	Account Domain:		THESHIRE
	Logon ID:		0x3E7

Object:
	Object Server:		Security
	Handle ID:		0x27bc

Process Information:
	Process ID:		0x6a0
	Process Name:		C:\Windows\System32\svchost.exe"
,4672,,Security,,,,MORDORDC$,THESHIRE,0x2B6BB78,,,"SeSecurityPrivilege, SeBackupPrivilege, SeRestorePrivilege, SeTakeOwnershipPrivilege, SeDebugPrivilege, SeSystemEnvironmentPrivilege, SeLoadDriverPrivilege, SeImpersonatePrivilege, SeDelegateSessionUserImpersonatePrivilege, SeEnableDelegationPrivilege",,,"Special privileges assigned to new logon.

Subject:
	Security ID:		S-1-5-18
	Account Name:		MORDORDC$
	Account Domain:		THESHIRE
	Logon ID:		0x2B6BB78

Privileges:		SeSecurityPrivilege
			SeBackupPrivilege
			SeRestorePrivilege
			SeTakeOwnershipPrivilege
			SeDebugPrivilege
			SeSystemEnvironmentPrivilege
			SeLoadDriverPrivilege
			SeImpersonatePrivilege
			SeDelegateSessionUserImpersonatePrivilege
			SeEnableDelegationPrivilege"
,4624,,Security,,,,-,-,0x0,,,,3,-,"An account was successfully logged on.

Subject:
	Security ID:		S-1-0-0
	Account Name:		-
	Account Domain:		-
	Logon ID:		0x0

Logon Information:
	Logon Type:		3
	Restricted Admin Mode:	-
	Virtual Account:		No
	Elevated Token:		Yes

Impersonation Level:		Impersonation

New Logon:
	Security ID:		S-1-5-18
	Account Name:		MORDORDC$
	Account Domain:		THESHIRE.LOCAL
	Logon ID:		0x2B6BB78
	Linked Logon ID:		0x0
	Network Account Name:	-
	Network Account Domain:	-
	Logon GUID:		{cb57a83c-383c-eb3a-703b-c7c9ffd72f9c}

Process Information:
	Process ID:		0x0
	Process Name:		-

Network Information:
	Workstation Name:	-
	Source Network Address:	fe80::3816:b2ee:1b9b:324b
	Source Port:		54213

Detailed Authentication Information:
	Logon Process:		Kerberos
	Authentication Package:	Kerberos
	Transited Services:	-
	Package Name (NTLM only):	-
	Key Length:		0

This event is generated when a logon session is created. It is generated on the computer that was accessed.

The subject fields indicate the account on the local system which requested the logon. This is most commonly a service such as the Server service, or a local process such as Winlogon.exe or Services.exe.

The logon type field indicates the kind of logon that occurred. The most common types are 2 (interactive) and 3 (network).

The New Logon fields indicate the account for whom the new logon was created, i.e. the account that was logged on.

The network fields indicate where a remote logon request originated. Workstation name is not always available and may be left blank in some cases.

The impersonation level field indicates the extent to which a process in the logon session can impersonate.

The authentication information fields provide detailed information about this specific logon request.
	- Logon GUID is a unique identifier that can be used to correlate this event with a KDC event.
	- Transited services indicate which intermediate services have participated in this logon request.
	- Package name indicates which sub-protocol was used among the NTLM protocols.
	- Key length indicates the length of the generated session key. This will be 0 if no session key was requested."
,4627,,Security,,,,-,-,0x0,,,,,,"Group membership information.

Subject:
	Security ID:		S-1-0-0
	Account Name:		-
	Account Domain:		-
	Logon ID:		0x0

Logon Type:			3

New Logon:
	Security ID:		S-1-5-18
	Account Name:		MORDORDC$
	Account Domain:		THESHIRE.LOCAL
	Logon ID:		0x2B6BB78

Event in sequence:		1 of 1

Group Membership:			
		%{S-1-5-32-544}
		%{S-1-1-0}
		%{S-1-5-32-554}
		%{S-1-5-32-545}
		%{S-1-5-32-555}
		%{S-1-5-32-560}
		%{S-1-5-2}
		%{S-1-5-11}
		%{S-1-5-15}
		%{S-1-5-21-1363495622-3806888128-621328882-1000}
		%{S-1-5-21-1363495622-3806888128-621328882-516}
		%{S-1-5-9}
		%{S-1-18-1}
		%{S-1-5-21-1363495622-3806888128-621328882-572}
		%{S-1-16-16384}

The subject fields indicate the account on the local system which requested the logon. This is most commonly a service such as the Server service, or a local process such as Winlogon.exe or Services.exe.

The logon type field indicates the kind of logon that occurred. The most common types are 2 (interactive) and 3 (network).

The New Logon fields indicate the account for whom the new logon was created, i.e. the account that was logged on.

This event is generated when the Audit Group Membership subcategory is configured.  The Logon ID field can be used to correlate this event with the corresponding user logon event as well as to any other security audit events generated during this logon session."
,4672,,Security,,,,MORDORDC$,THESHIRE,0x2B6BC9C,,,"SeSecurityPrivilege, SeBackupPrivilege, SeRestorePrivilege, SeTakeOwnershipPrivilege, SeDebugPrivilege, SeSystemEnvironmentPrivilege, SeLoadDriverPrivilege, SeImpersonatePrivilege, SeDelegateSessionUserImpersonatePrivilege, SeEnableDelegationPrivilege",,,"Special privileges assigned to new logon.

Subject:
	Security ID:		S-1-5-18
	Account Name:		MORDORDC$
	Account Domain:		THESHIRE
	Logon ID:		0x2B6BC9C

Privileges:		SeSecurityPrivilege
			SeBackupPrivilege
			SeRestorePrivilege
			SeTakeOwnershipPrivilege
			SeDebugPrivilege
			SeSystemEnvironmentPrivilege
			SeLoadDriverPrivilege
			SeImpersonatePrivilege
			SeDelegateSessionUserImpersonatePrivilege
			SeEnableDelegationPrivilege"
,4624,,Security,,,,-,-,0x0,,,,3,-,"An account was successfully logged on.

Subject:
	Security ID:		S-1-0-0
	Account Name:		-
	Account Domain:		-
	Logon ID:		0x0

Logon Information:
	Logon Type:		3
	Restricted Admin Mode:	-
	Virtual Account:		No
	Elevated Token:		Yes

Impersonation Level:		Impersonation

New Logon:
	Security ID:		S-1-5-18
	Account Name:		MORDORDC$
	Account Domain:		THESHIRE.LOCAL
	Logon ID:		0x2B6BC9C
	Linked Logon ID:		0x0
	Network Account Name:	-
	Network Account Domain:	-
	Logon GUID:		{cb57a83c-383c-eb3a-703b-c7c9ffd72f9c}

Process Information:
	Process ID:		0x0
	Process Name:		-

Network Information:
	Workstation Name:	-
	Source Network Address:	::1
	Source Port:		0

Detailed Authentication Information:
	Logon Process:		Kerberos
	Authentication Package:	Kerberos
	Transited Services:	-
	Package Name (NTLM only):	-
	Key Length:		0

This event is generated when a logon session is created. It is generated on the computer that was accessed.

The subject fields indicate the account on the local system which requested the logon. This is most commonly a service such as the Server service, or a local process such as Winlogon.exe or Services.exe.

The logon type field indicates the kind of logon that occurred. The most common types are 2 (interactive) and 3 (network).

The New Logon fields indicate the account for whom the new logon was created, i.e. the account that was logged on.

The network fields indicate where a remote logon request originated. Workstation name is not always available and may be left blank in some cases.

The impersonation level field indicates the extent to which a process in the logon session can impersonate.

The authentication information fields provide detailed information about this specific logon request.
	- Logon GUID is a unique identifier that can be used to correlate this event with a KDC event.
	- Transited services indicate which intermediate services have participated in this logon request.
	- Package name indicates which sub-protocol was used among the NTLM protocols.
	- Key length indicates the length of the generated session key. This will be 0 if no session key was requested."
,4627,,Security,,,,-,-,0x0,,,,,,"Group membership information.

Subject:
	Security ID:		S-1-0-0
	Account Name:		-
	Account Domain:		-
	Logon ID:		0x0

Logon Type:			3

New Logon:
	Security ID:		S-1-5-18
	Account Name:		MORDORDC$
	Account Domain:		THESHIRE.LOCAL
	Logon ID:		0x2B6BC9C

Event in sequence:		1 of 1

Group Membership:			
		%{S-1-5-32-544}
		%{S-1-1-0}
		%{S-1-5-32-554}
		%{S-1-5-32-545}
		%{S-1-5-32-555}
		%{S-1-5-32-560}
		%{S-1-5-2}
		%{S-1-5-11}
		%{S-1-5-15}
		%{S-1-5-21-1363495622-3806888128-621328882-1000}
		%{S-1-5-21-1363495622-3806888128-621328882-516}
		%{S-1-5-9}
		%{S-1-18-1}
		%{S-1-5-21-1363495622-3806888128-621328882-572}
		%{S-1-16-16384}

The subject fields indicate the account on the local system which requested the logon. This is most commonly a service such as the Server service, or a local process such as Winlogon.exe or Services.exe.

The logon type field indicates the kind of logon that occurred. The most common types are 2 (interactive) and 3 (network).

The New Logon fields indicate the account for whom the new logon was created, i.e. the account that was logged on.

This event is generated when the Audit Group Membership subcategory is configured.  The Logon ID field can be used to correlate this event with the corresponding user logon event as well as to any other security audit events generated during this logon session."
,5158,,Security,,,,,,,,,,,,"The Windows Filtering Platform has permitted a bind to a local port.

Application Information:
	Process ID:		1696
	Application Name:	\device\harddiskvolume2\windows\system32\svchost.exe

Network Information:
	Source Address:		0.0.0.0
	Source Port:		54214
	Protocol:		6

Filter Information:
	Filter Run-Time ID:	0
	Layer Name:		Resource Assignment
	Layer Run-Time ID:	36"
,5156,,Security,,,,,,,,,,,,"The Windows Filtering Platform has permitted a connection.

Application Information:
	Process ID:		1696
	Application Name:	\device\harddiskvolume2\windows\system32\svchost.exe

Network Information:
	Direction:		Outbound
	Source Address:		172.18.38.5
	Source Port:		54214
	Destination Address:	172.18.38.5
	Destination Port:		389
	Protocol:		6

Filter Information:
	Filter Run-Time ID:	65854
	Layer Name:		Connect
	Layer Run-Time ID:	48"
,4656,,Security,,,,MORDORDC$,THESHIRE,0x3E7,,,,,,"A handle to an object was requested.

Subject:
	Security ID:		S-1-5-18
	Account Name:		MORDORDC$
	Account Domain:		THESHIRE
	Logon ID:		0x3E7

Object:
	Object Server:		Security
	Object Type:		Key
	Object Name:		\REGISTRY\MACHINE\SOFTWARE\Microsoft\Windows NT\CurrentVersion\Winlogon
	Handle ID:		0x5e8
	Resource Attributes:	-

Process Information:
	Process ID:		0x6a0
	Process Name:		C:\Windows\System32\svchost.exe

Access Request Information:
	Transaction ID:		{00000000-0000-0000-0000-000000000000}
	Accesses:		READ_CONTROL
				Query key value
				Enumerate sub-keys
				Notify about changes to keys
				
	Access Reasons:		-
	Access Mask:		0x20019
	Privileges Used for Access Check:	-
	Restricted SID Count:	0"
,5156,,Security,,,,,,,,,,,,"The Windows Filtering Platform has permitted a connection.

Application Information:
	Process ID:		704
	Application Name:	\device\harddiskvolume2\windows\system32\lsass.exe

Network Information:
	Direction:		Inbound
	Source Address:		172.18.38.5
	Source Port:		54214
	Destination Address:	172.18.38.5
	Destination Port:		389
	Protocol:		6

Filter Information:
	Filter Run-Time ID:	65852
	Layer Name:		Receive/Accept
	Layer Run-Time ID:	44"
,4624,,Security,,,,-,-,0x0,,,,3,-,"An account was successfully logged on.

Subject:
	Security ID:		S-1-0-0
	Account Name:		-
	Account Domain:		-
	Logon ID:		0x0

Logon Information:
	Logon Type:		3
	Restricted Admin Mode:	-
	Virtual Account:		No
	Elevated Token:		Yes

Impersonation Level:		Impersonation

New Logon:
	Security ID:		S-1-5-18
	Account Name:		MORDORDC$
	Account Domain:		THESHIRE.LOCAL
	Logon ID:		0x2B6BCE7
	Linked Logon ID:		0x0
	Network Account Name:	-
	Network Account Domain:	-
	Logon GUID:		{cb57a83c-383c-eb3a-703b-c7c9ffd72f9c}

Process Information:
	Process ID:		0x0
	Process Name:		-

Network Information:
	Workstation Name:	-
	Source Network Address:	172.18.38.5
	Source Port:		54214

Detailed Authentication Information:
	Logon Process:		Kerberos
	Authentication Package:	Kerberos
	Transited Services:	-
	Package Name (NTLM only):	-
	Key Length:		0

This event is generated when a logon session is created. It is generated on the computer that was accessed.

The subject fields indicate the account on the local system which requested the logon. This is most commonly a service such as the Server service, or a local process such as Winlogon.exe or Services.exe.

The logon type field indicates the kind of logon that occurred. The most common types are 2 (interactive) and 3 (network).

The New Logon fields indicate the account for whom the new logon was created, i.e. the account that was logged on.

The network fields indicate where a remote logon request originated. Workstation name is not always available and may be left blank in some cases.

The impersonation level field indicates the extent to which a process in the logon session can impersonate.

The authentication information fields provide detailed information about this specific logon request.
	- Logon GUID is a unique identifier that can be used to correlate this event with a KDC event.
	- Transited services indicate which intermediate services have participated in this logon request.
	- Package name indicates which sub-protocol was used among the NTLM protocols.
	- Key length indicates the length of the generated session key. This will be 0 if no session key was requested."
,4627,,Security,,,,-,-,0x0,,,,,,"Group membership information.

Subject:
	Security ID:		S-1-0-0
	Account Name:		-
	Account Domain:		-
	Logon ID:		0x0

Logon Type:			3

New Logon:
	Security ID:		S-1-5-18
	Account Name:		MORDORDC$
	Account Domain:		THESHIRE.LOCAL
	Logon ID:		0x2B6BCE7

Event in sequence:		1 of 1

Group Membership:			
		%{S-1-5-32-544}
		%{S-1-1-0}
		%{S-1-5-32-554}
		%{S-1-5-32-545}
		%{S-1-5-32-555}
		%{S-1-5-32-560}
		%{S-1-5-2}
		%{S-1-5-11}
		%{S-1-5-15}
		%{S-1-5-21-1363495622-3806888128-621328882-1000}
		%{S-1-5-21-1363495622-3806888128-621328882-516}
		%{S-1-5-9}
		%{S-1-18-1}
		%{S-1-5-21-1363495622-3806888128-621328882-572}
		%{S-1-16-16384}

The subject fields indicate the account on the local system which requested the logon. This is most commonly a service such as the Server service, or a local process such as Winlogon.exe or Services.exe.

The logon type field indicates the kind of logon that occurred. The most common types are 2 (interactive) and 3 (network).

The New Logon fields indicate the account for whom the new logon was created, i.e. the account that was logged on.

This event is generated when the Audit Group Membership subcategory is configured.  The Logon ID field can be used to correlate this event with the corresponding user logon event as well as to any other security audit events generated during this logon session."
,4690,,Security,,,,MORDORDC$,THESHIRE,0x3E7,,,,,,"An attempt was made to duplicate a handle to an object.

Subject:
	Security ID:		S-1-5-18
	Account Name:		MORDORDC$
	Account Domain:		THESHIRE
	Logon ID:		0x3E7

Source Handle Information:
	Source Handle ID:	0x5e8
	Source Process ID:	0x6a0

New Handle Information:
	Target Handle ID:	0x27bc
	Target Process ID:	0x4"
,4658,,Security,,,,MORDORDC$,THESHIRE,0x3E7,,,,,,"The handle to an object was closed.

Subject :
	Security ID:		S-1-5-18
	Account Name:		MORDORDC$
	Account Domain:		THESHIRE
	Logon ID:		0x3E7

Object:
	Object Server:		Security
	Handle ID:		0x27bc

Process Information:
	Process ID:		0x6a0
	Process Name:		C:\Windows\System32\svchost.exe"
,4656,,Security,,,,MORDORDC$,THESHIRE,0x3E7,,,,,,"A handle to an object was requested.

Subject:
	Security ID:		S-1-5-18
	Account Name:		MORDORDC$
	Account Domain:		THESHIRE
	Logon ID:		0x3E7

Object:
	Object Server:		Security
	Object Type:		Key
	Object Name:		\REGISTRY\MACHINE\SOFTWARE\Microsoft\Windows NT\CurrentVersion\Winlogon
	Handle ID:		0x5e8
	Resource Attributes:	-

Process Information:
	Process ID:		0x6a0
	Process Name:		C:\Windows\System32\svchost.exe

Access Request Information:
	Transaction ID:		{00000000-0000-0000-0000-000000000000}
	Accesses:		READ_CONTROL
				Query key value
				Enumerate sub-keys
				Notify about changes to keys
				
	Access Reasons:		-
	Access Mask:		0x20019
	Privileges Used for Access Check:	-
	Restricted SID Count:	0"
,4663,,Security,,,,MORDORDC$,THESHIRE,0x3E7,,,,,,"An attempt was made to access an object.

Subject:
	Security ID:		S-1-5-18
	Account Name:		MORDORDC$
	Account Domain:		THESHIRE
	Logon ID:		0x3E7

Object:
	Object Server:		Security
	Object Type:		Key
	Object Name:		\REGISTRY\MACHINE\SOFTWARE\Microsoft\Windows NT\CurrentVersion\Winlogon
	Handle ID:		0x5e8
	Resource Attributes:	-

Process Information:
	Process ID:		0x6a0
	Process Name:		C:\Windows\System32\svchost.exe

Access Request Information:
	Accesses:		Query key value
				
	Access Mask:		0x1"
,4658,,Security,,,,MORDORDC$,THESHIRE,0x3E7,,,,,,"The handle to an object was closed.

Subject :
	Security ID:		S-1-5-18
	Account Name:		MORDORDC$
	Account Domain:		THESHIRE
	Logon ID:		0x3E7

Object:
	Object Server:		Security
	Handle ID:		0x5e8

Process Information:
	Process ID:		0x6a0
	Process Name:		C:\Windows\System32\svchost.exe"
,4690,,Security,,,,MORDORDC$,THESHIRE,0x3E7,,,,,,"An attempt was made to duplicate a handle to an object.

Subject:
	Security ID:		S-1-5-18
	Account Name:		MORDORDC$
	Account Domain:		THESHIRE
	Logon ID:		0x3E7

Source Handle Information:
	Source Handle ID:	0x5e8
	Source Process ID:	0x6a0

New Handle Information:
	Target Handle ID:	0x27bc
	Target Process ID:	0x4"
,4672,,Security,,,,MORDORDC$,THESHIRE,0x2B6BCE7,,,"SeSecurityPrivilege, SeBackupPrivilege, SeRestorePrivilege, SeTakeOwnershipPrivilege, SeDebugPrivilege, SeSystemEnvironmentPrivilege, SeLoadDriverPrivilege, SeImpersonatePrivilege, SeDelegateSessionUserImpersonatePrivilege, SeEnableDelegationPrivilege",,,"Special privileges assigned to new logon.

Subject:
	Security ID:		S-1-5-18
	Account Name:		MORDORDC$
	Account Domain:		THESHIRE
	Logon ID:		0x2B6BCE7

Privileges:		SeSecurityPrivilege
			SeBackupPrivilege
			SeRestorePrivilege
			SeTakeOwnershipPrivilege
			SeDebugPrivilege
			SeSystemEnvironmentPrivilege
			SeLoadDriverPrivilege
			SeImpersonatePrivilege
			SeDelegateSessionUserImpersonatePrivilege
			SeEnableDelegationPrivilege"
,5156,,Security,,,,,,,,,,,,"The Windows Filtering Platform has permitted a connection.

Application Information:
	Process ID:		704
	Application Name:	\device\harddiskvolume2\windows\system32\lsass.exe

Network Information:
	Direction:		Inbound
	Source Address:		fe80::3816:b2ee:1b9b:324b
	Source Port:		54213
	Destination Address:	fe80::3816:b2ee:1b9b:324b
	Destination Port:		389
	Protocol:		6

Filter Information:
	Filter Run-Time ID:	65851
	Layer Name:		Receive/Accept
	Layer Run-Time ID:	46"
,4656,,Security,,,,MORDORDC$,THESHIRE,0x3E7,,,,,,"A handle to an object was requested.

Subject:
	Security ID:		S-1-5-18
	Account Name:		MORDORDC$
	Account Domain:		THESHIRE
	Logon ID:		0x3E7

Object:
	Object Server:		Security
	Object Type:		Key
	Object Name:		\REGISTRY\MACHINE\SOFTWARE\Microsoft\Windows NT\CurrentVersion\Winlogon
	Handle ID:		0x568
	Resource Attributes:	-

Process Information:
	Process ID:		0x6a0
	Process Name:		C:\Windows\System32\svchost.exe

Access Request Information:
	Transaction ID:		{00000000-0000-0000-0000-000000000000}
	Accesses:		READ_CONTROL
				Query key value
				Enumerate sub-keys
				Notify about changes to keys
				
	Access Reasons:		-
	Access Mask:		0x20019
	Privileges Used for Access Check:	-
	Restricted SID Count:	0"
,4658,,Security,,,,MORDORDC$,THESHIRE,0x3E7,,,,,,"The handle to an object was closed.

Subject :
	Security ID:		S-1-5-18
	Account Name:		MORDORDC$
	Account Domain:		THESHIRE
	Logon ID:		0x3E7

Object:
	Object Server:		Security
	Handle ID:		0x568

Process Information:
	Process ID:		0x6a0
	Process Name:		C:\Windows\System32\svchost.exe"
,5158,,Security,,,,,,,,,,,,"The Windows Filtering Platform has permitted a bind to a local port.

Application Information:
	Process ID:		1648
	Application Name:	\device\harddiskvolume2\windows\system32\windowspowershell\v1.0\powershell.exe

Network Information:
	Source Address:		0.0.0.0
	Source Port:		65385
	Protocol:		6

Filter Information:
	Filter Run-Time ID:	0
	Layer Name:		Resource Assignment
	Layer Run-Time ID:	36"
,5156,,Security,,,,,,,,,,,,"The Windows Filtering Platform has permitted a connection.

Application Information:
	Process ID:		1648
	Application Name:	\device\harddiskvolume2\windows\system32\windowspowershell\v1.0\powershell.exe

Network Information:
	Direction:		Outbound
	Source Address:		172.18.39.5
	Source Port:		65385
	Destination Address:	10.10.10.5
	Destination Port:		80
	Protocol:		6

Filter Information:
	Filter Run-Time ID:	69420
	Layer Name:		Connect
	Layer Run-Time ID:	48"
,4656,,Security,,,,WORKSTATION6$,THESHIRE,0x3E7,,,,,,"A handle to an object was requested.

Subject:
	Security ID:		S-1-5-18
	Account Name:		WORKSTATION6$
	Account Domain:		THESHIRE
	Logon ID:		0x3E7

Object:
	Object Server:		SC Manager
	Object Type:		SC_MANAGER OBJECT
	Object Name:		ServicesActive
	Handle ID:		0x21849e4c5a0
	Resource Attributes:	-

Process Information:
	Process ID:		0x2dc
	Process Name:		C:\Windows\System32\services.exe

Access Request Information:
	Transaction ID:		{00000000-0000-0000-0000-000000000000}
	Accesses:		Connect to service controller
				
	Access Reasons:		-
	Access Mask:		0x1
	Privileges Used for Access Check:	-
	Restricted SID Count:	0"
,5156,,Security,,,,,,,,,,,,"The Windows Filtering Platform has permitted a connection.

Application Information:
	Process ID:		3472
	Application Name:	\device\harddiskvolume2\packages\plugins\microsoft.azure.networkwatcher.networkwatcheragentwindows\1.4.1587.1\networkwatcheragent\networkwatcheragent.exe

Network Information:
	Direction:		Outbound
	Source Address:		172.18.39.5
	Source Port:		52810
	Destination Address:	169.254.169.254
	Destination Port:		80
	Protocol:		6

Filter Information:
	Filter Run-Time ID:	69424
	Layer Name:		Connect
	Layer Run-Time ID:	48"
,5158,,Security,,,,,,,,,,,,"The Windows Filtering Platform has permitted a bind to a local port.

Application Information:
	Process ID:		1648
	Application Name:	\device\harddiskvolume2\windows\system32\windowspowershell\v1.0\powershell.exe

Network Information:
	Source Address:		0.0.0.0
	Source Port:		65386
	Protocol:		6

Filter Information:
	Filter Run-Time ID:	0
	Layer Name:		Resource Assignment
	Layer Run-Time ID:	36"
,5156,,Security,,,,,,,,,,,,"The Windows Filtering Platform has permitted a connection.

Application Information:
	Process ID:		1648
	Application Name:	\device\harddiskvolume2\windows\system32\windowspowershell\v1.0\powershell.exe

Network Information:
	Direction:		Outbound
	Source Address:		172.18.39.5
	Source Port:		65386
	Destination Address:	10.10.10.5
	Destination Port:		80
	Protocol:		6

Filter Information:
	Filter Run-Time ID:	69420
	Layer Name:		Connect
	Layer Run-Time ID:	48"
,5156,,Security,,,,,,,,,,,,"The Windows Filtering Platform has permitted a connection.

Application Information:
	Process ID:		3472
	Application Name:	\device\harddiskvolume2\packages\plugins\microsoft.azure.networkwatcher.networkwatcheragentwindows\1.4.1587.1\networkwatcheragent\networkwatcheragent.exe

Network Information:
	Direction:		Outbound
	Source Address:		172.18.39.5
	Source Port:		52810
	Destination Address:	169.254.169.254
	Destination Port:		80
	Protocol:		6

Filter Information:
	Filter Run-Time ID:	69424
	Layer Name:		Connect
	Layer Run-Time ID:	48"
,4673,,Security,,,,pgustavo,THESHIRE,0x2BA622,,,SeTcbPrivilege,,,"A privileged service was called.

Subject:
	Security ID:		S-1-5-21-1363495622-3806888128-621328882-1104
	Account Name:		pgustavo
	Account Domain:		THESHIRE
	Logon ID:		0x2BA622

Service:
	Server:	Security
	Service Name:	-

Process:
	Process ID:	0x670
	Process Name:	C:\Windows\System32\WindowsPowerShell\v1.0\powershell.exe

Service Request Information:
	Privileges:		SeTcbPrivilege"
,5158,,Security,,,,,,,,,,,,"The Windows Filtering Platform has permitted a bind to a local port.

Application Information:
	Process ID:		3280
	Application Name:	\device\harddiskvolume2\windows\system32\svchost.exe

Network Information:
	Source Address:		0.0.0.0
	Source Port:		65384
	Protocol:		6

Filter Information:
	Filter Run-Time ID:	0
	Layer Name:		Resource Assignment
	Layer Run-Time ID:	36"
,4673,,Security,,,,pgustavo,THESHIRE,0x2BA622,,,SeTcbPrivilege,,,"A privileged service was called.

Subject:
	Security ID:		S-1-5-21-1363495622-3806888128-621328882-1104
	Account Name:		pgustavo
	Account Domain:		THESHIRE
	Logon ID:		0x2BA622

Service:
	Server:	Security
	Service Name:	-

Process:
	Process ID:	0x670
	Process Name:	C:\Windows\System32\WindowsPowerShell\v1.0\powershell.exe

Service Request Information:
	Privileges:		SeTcbPrivilege"
,4658,,Security,,,,pgustavo,THESHIRE,0x2BA622,,,,,,"The handle to an object was closed.

Subject :
	Security ID:		S-1-5-21-1363495622-3806888128-621328882-1104
	Account Name:		pgustavo
	Account Domain:		THESHIRE
	Logon ID:		0x2BA622

Object:
	Object Server:		Security
	Handle ID:		0x3134

Process Information:
	Process ID:		0x670
	Process Name:		C:\Windows\System32\WindowsPowerShell\v1.0\powershell.exe"
,4656,,Security,,,,pgustavo,THESHIRE,0x2BA622,,,,,,"A handle to an object was requested.

Subject:
	Security ID:		S-1-5-21-1363495622-3806888128-621328882-1104
	Account Name:		pgustavo
	Account Domain:		THESHIRE
	Logon ID:		0x2BA622

Object:
	Object Server:		Security
	Object Type:		Process
	Object Name:		\Device\HarddiskVolume2\Windows\System32\lsass.exe
	Handle ID:		0xc80
	Resource Attributes:	-

Process Information:
	Process ID:		0x670
	Process Name:		C:\Windows\System32\WindowsPowerShell\v1.0\powershell.exe

Access Request Information:
	Transaction ID:		{00000000-0000-0000-0000-000000000000}
	Accesses:		Read from process memory
				Undefined Access (no effect) Bit 12
				
	Access Reasons:		-
	Access Mask:		0x1010
	Privileges Used for Access Check:	-
	Restricted SID Count:	0"
,4663,,Security,,,,pgustavo,THESHIRE,0x2BA622,,,,,,"An attempt was made to access an object.

Subject:
	Security ID:		S-1-5-21-1363495622-3806888128-621328882-1104
	Account Name:		pgustavo
	Account Domain:		THESHIRE
	Logon ID:		0x2BA622

Object:
	Object Server:		Security
	Object Type:		Process
	Object Name:		\Device\HarddiskVolume2\Windows\System32\lsass.exe
	Handle ID:		0xc80
	Resource Attributes:	-

Process Information:
	Process ID:		0x670
	Process Name:		C:\Windows\System32\WindowsPowerShell\v1.0\powershell.exe

Access Request Information:
	Accesses:		Read from process memory
				
	Access Mask:		0x10"
,5156,,Security,,,,,,,,,,,,"The Windows Filtering Platform has permitted a connection.

Application Information:
	Process ID:		3548
	Application Name:	\device\harddiskvolume2\packages\plugins\microsoft.azure.networkwatcher.networkwatcheragentwindows\1.4.1587.1\networkwatcheragent\networkwatcheragent.exe

Network Information:
	Direction:		Outbound
	Source Address:		172.18.39.6
	Source Port:		50110
	Destination Address:	169.254.169.254
	Destination Port:		80
	Protocol:		6

Filter Information:
	Filter Run-Time ID:	69426
	Layer Name:		Connect
	Layer Run-Time ID:	48"
,5156,,Security,,,,,,,,,,,,"The Windows Filtering Platform has permitted a connection.

Application Information:
	Process ID:		3548
	Application Name:	\device\harddiskvolume2\packages\plugins\microsoft.azure.networkwatcher.networkwatcheragentwindows\1.4.1587.1\networkwatcheragent\networkwatcheragent.exe

Network Information:
	Direction:		Outbound
	Source Address:		172.18.39.6
	Source Port:		50110
	Destination Address:	169.254.169.254
	Destination Port:		80
	Protocol:		6

Filter Information:
	Filter Run-Time ID:	69426
	Layer Name:		Connect
	Layer Run-Time ID:	48"
,4634,,Security,,,,MORDORDC$,THESHIRE,0x2B6BD63,,,,,,"An account was logged off.

Subject:
	Security ID:		S-1-5-18
	Account Name:		MORDORDC$
	Account Domain:		THESHIRE
	Logon ID:		0x2B6BD63

Logon Type:			3

This event is generated when a logon session is destroyed. It may be positively correlated with a logon event using the Logon ID value. Logon IDs are only unique between reboots on the same computer."
,4673,,Security,,,,LOCAL SERVICE,NT AUTHORITY,0x3E5,,,SeProfileSingleProcessPrivilege,,,"A privileged service was called.

Subject:
	Security ID:		S-1-5-19
	Account Name:		LOCAL SERVICE
	Account Domain:		NT AUTHORITY
	Logon ID:		0x3E5

Service:
	Server:	Security
	Service Name:	-

Process:
	Process ID:	0xc44
	Process Name:	C:\Windows\System32\svchost.exe

Service Request Information:
	Privileges:		SeProfileSingleProcessPrivilege"
,4673,,Security,,,,LOCAL SERVICE,NT AUTHORITY,0x3E5,,,SeProfileSingleProcessPrivilege,,,"A privileged service was called.

Subject:
	Security ID:		S-1-5-19
	Account Name:		LOCAL SERVICE
	Account Domain:		NT AUTHORITY
	Logon ID:		0x3E5

Service:
	Server:	Security
	Service Name:	-

Process:
	Process ID:	0xc44
	Process Name:	C:\Windows\System32\svchost.exe

Service Request Information:
	Privileges:		SeProfileSingleProcessPrivilege"
,4690,,Security,,,,pgustavo,THESHIRE,0x2BA622,,,,,,"An attempt was made to duplicate a handle to an object.

Subject:
	Security ID:		S-1-5-21-1363495622-3806888128-621328882-1104
	Account Name:		pgustavo
	Account Domain:		THESHIRE
	Logon ID:		0x2BA622

Source Handle Information:
	Source Handle ID:	0xc80
	Source Process ID:	0x670

New Handle Information:
	Target Handle ID:	0x3134
	Target Process ID:	0x4"
,4663,,Security,,,,MORDORDC$,THESHIRE,0x3E7,,,,,,"An attempt was made to access an object.

Subject:
	Security ID:		S-1-5-18
	Account Name:		MORDORDC$
	Account Domain:		THESHIRE
	Logon ID:		0x3E7

Object:
	Object Server:		Security
	Object Type:		Key
	Object Name:		\REGISTRY\MACHINE\SOFTWARE\Microsoft\Windows NT\CurrentVersion\Winlogon
	Handle ID:		0x568
	Resource Attributes:	-

Process Information:
	Process ID:		0x6a0
	Process Name:		C:\Windows\System32\svchost.exe

Access Request Information:
	Accesses:		Query key value
				
	Access Mask:		0x1"
,5158,,Security,,,,,,,,,,,,"The Windows Filtering Platform has permitted a bind to a local port.

Application Information:
	Process ID:		3280
	Application Name:	\device\harddiskvolume2\windows\system32\svchost.exe

Network Information:
	Source Address:		0.0.0.0
	Source Port:		65383
	Protocol:		6

Filter Information:
	Filter Run-Time ID:	0
	Layer Name:		Resource Assignment
	Layer Run-Time ID:	36"
,4703,,Security,,,,WORKSTATION5$,THESHIRE,0x3E7,,,,,,"A token right was adjusted.

Subject:
	Security ID:		S-1-5-18
	Account Name:		WORKSTATION5$
	Account Domain:		THESHIRE
	Logon ID:		0x3E7

Target Account:
	Security ID:		S-1-5-18
	Account Name:		WORKSTATION5$
	Account Domain:		THESHIRE
	Logon ID:		0x3E7

Process Information:
	Process ID:		0x988
	Process Name:		C:\Windows\System32\svchost.exe

Enabled Privileges:
			SeAssignPrimaryTokenPrivilege
			SeIncreaseQuotaPrivilege
			SeSecurityPrivilege
			SeTakeOwnershipPrivilege
			SeLoadDriverPrivilege
			SeSystemtimePrivilege
			SeBackupPrivilege
			SeRestorePrivilege
			SeShutdownPrivilege
			SeSystemEnvironmentPrivilege
			SeUndockPrivilege
			SeManageVolumePrivilege

Disabled Privileges:
			-"
,4634,,Security,,,,MORDORDC$,THESHIRE,0x2B6BB78,,,,,,"An account was logged off.

Subject:
	Security ID:		S-1-5-18
	Account Name:		MORDORDC$
	Account Domain:		THESHIRE
	Logon ID:		0x2B6BB78

Logon Type:			3

This event is generated when a logon session is destroyed. It may be positively correlated with a logon event using the Logon ID value. Logon IDs are only unique between reboots on the same computer."
,4690,,Security,,,,MORDORDC$,THESHIRE,0x3E7,,,,,,"An attempt was made to duplicate a handle to an object.

Subject:
	Security ID:		S-1-5-18
	Account Name:		MORDORDC$
	Account Domain:		THESHIRE
	Logon ID:		0x3E7

Source Handle Information:
	Source Handle ID:	0x4b8
	Source Process ID:	0x6a0

New Handle Information:
	Target Handle ID:	0x267c
	Target Process ID:	0x4"
,4658,,Security,,,,MORDORDC$,THESHIRE,0x3E7,,,,,,"The handle to an object was closed.

Subject :
	Security ID:		S-1-5-18
	Account Name:		MORDORDC$
	Account Domain:		THESHIRE
	Logon ID:		0x3E7

Object:
	Object Server:		Security
	Handle ID:		0x267c

Process Information:
	Process ID:		0x6a0
	Process Name:		C:\Windows\System32\svchost.exe"
,4656,,Security,,,,MORDORDC$,THESHIRE,0x3E7,,,,,,"A handle to an object was requested.

Subject:
	Security ID:		S-1-5-18
	Account Name:		MORDORDC$
	Account Domain:		THESHIRE
	Logon ID:		0x3E7

Object:
	Object Server:		Security
	Object Type:		Key
	Object Name:		\REGISTRY\MACHINE\SOFTWARE\Microsoft\Windows NT\CurrentVersion\Winlogon
	Handle ID:		0x4b8
	Resource Attributes:	-

Process Information:
	Process ID:		0x6a0
	Process Name:		C:\Windows\System32\svchost.exe

Access Request Information:
	Transaction ID:		{00000000-0000-0000-0000-000000000000}
	Accesses:		READ_CONTROL
				Query key value
				Enumerate sub-keys
				Notify about changes to keys
				
	Access Reasons:		-
	Access Mask:		0x20019
	Privileges Used for Access Check:	-
	Restricted SID Count:	0"
,4663,,Security,,,,MORDORDC$,THESHIRE,0x3E7,,,,,,"An attempt was made to access an object.

Subject:
	Security ID:		S-1-5-18
	Account Name:		MORDORDC$
	Account Domain:		THESHIRE
	Logon ID:		0x3E7

Object:
	Object Server:		Security
	Object Type:		Key
	Object Name:		\REGISTRY\MACHINE\SOFTWARE\Microsoft\Windows NT\CurrentVersion\Winlogon
	Handle ID:		0x4b8
	Resource Attributes:	-

Process Information:
	Process ID:		0x6a0
	Process Name:		C:\Windows\System32\svchost.exe

Access Request Information:
	Accesses:		Query key value
				
	Access Mask:		0x1"
,4658,,Security,,,,MORDORDC$,THESHIRE,0x3E7,,,,,,"The handle to an object was closed.

Subject :
	Security ID:		S-1-5-18
	Account Name:		MORDORDC$
	Account Domain:		THESHIRE
	Logon ID:		0x3E7

Object:
	Object Server:		Security
	Handle ID:		0x4b8

Process Information:
	Process ID:		0x6a0
	Process Name:		C:\Windows\System32\svchost.exe"
,4703,,Security,,,,MORDORDC$,THESHIRE,0x3E7,,,,,,"A token right was adjusted.

Subject:
	Security ID:		S-1-5-18
	Account Name:		MORDORDC$
	Account Domain:		THESHIRE
	Logon ID:		0x3E7

Target Account:
	Security ID:		S-1-0-0
	Account Name:		MORDORDC$
	Account Domain:		THESHIRE
	Logon ID:		0x3E7

Process Information:
	Process ID:		0x934
	Process Name:		C:\Windows\System32\svchost.exe

Enabled Privileges:
			SeAssignPrimaryTokenPrivilege
			SeIncreaseQuotaPrivilege
			SeSecurityPrivilege
			SeTakeOwnershipPrivilege
			SeLoadDriverPrivilege
			SeBackupPrivilege
			SeRestorePrivilege
			SeShutdownPrivilege

Disabled Privileges:
			-"
,4703,,Security,,,,MORDORDC$,THESHIRE,0x3E7,,,,,,"A token right was adjusted.

Subject:
	Security ID:		S-1-5-18
	Account Name:		MORDORDC$
	Account Domain:		THESHIRE
	Logon ID:		0x3E7

Target Account:
	Security ID:		S-1-0-0
	Account Name:		MORDORDC$
	Account Domain:		THESHIRE
	Logon ID:		0x3E7

Process Information:
	Process ID:		0x934
	Process Name:		C:\Windows\System32\svchost.exe

Enabled Privileges:
			SeAssignPrimaryTokenPrivilege
			SeIncreaseQuotaPrivilege
			SeSecurityPrivilege
			SeTakeOwnershipPrivilege
			SeLoadDriverPrivilege
			SeBackupPrivilege
			SeRestorePrivilege
			SeShutdownPrivilege

Disabled Privileges:
			-"
,4703,,Security,,,,WORKSTATION5$,THESHIRE,0x3E7,,,,,,"A token right was adjusted.

Subject:
	Security ID:		S-1-5-18
	Account Name:		WORKSTATION5$
	Account Domain:		THESHIRE
	Logon ID:		0x3E7

Target Account:
	Security ID:		S-1-5-18
	Account Name:		WORKSTATION5$
	Account Domain:		THESHIRE
	Logon ID:		0x3E7

Process Information:
	Process ID:		0x988
	Process Name:		C:\Windows\System32\svchost.exe

Enabled Privileges:
			SeAssignPrimaryTokenPrivilege
			SeIncreaseQuotaPrivilege
			SeSecurityPrivilege
			SeTakeOwnershipPrivilege
			SeLoadDriverPrivilege
			SeSystemtimePrivilege
			SeBackupPrivilege
			SeRestorePrivilege
			SeShutdownPrivilege
			SeSystemEnvironmentPrivilege
			SeUndockPrivilege
			SeManageVolumePrivilege

Disabled Privileges:
			-"
,4703,,Security,,,,MORDORDC$,THESHIRE,0x3E7,,,,,,"A token right was adjusted.

Subject:
	Security ID:		S-1-5-18
	Account Name:		MORDORDC$
	Account Domain:		THESHIRE
	Logon ID:		0x3E7

Target Account:
	Security ID:		S-1-0-0
	Account Name:		MORDORDC$
	Account Domain:		THESHIRE
	Logon ID:		0x3E7

Process Information:
	Process ID:		0x934
	Process Name:		C:\Windows\System32\svchost.exe

Enabled Privileges:
			SeAssignPrimaryTokenPrivilege
			SeIncreaseQuotaPrivilege
			SeSecurityPrivilege
			SeTakeOwnershipPrivilege
			SeLoadDriverPrivilege
			SeSystemtimePrivilege
			SeBackupPrivilege
			SeRestorePrivilege
			SeShutdownPrivilege
			SeSystemEnvironmentPrivilege
			SeUndockPrivilege
			SeManageVolumePrivilege

Disabled Privileges:
			-"
,5156,,Security,,,,,,,,,,,,"The Windows Filtering Platform has permitted a connection.

Application Information:
	Process ID:		3548
	Application Name:	\device\harddiskvolume2\packages\plugins\microsoft.azure.networkwatcher.networkwatcheragentwindows\1.4.1587.1\networkwatcheragent\networkwatcheragent.exe

Network Information:
	Direction:		Outbound
	Source Address:		172.18.39.6
	Source Port:		50110
	Destination Address:	169.254.169.254
	Destination Port:		80
	Protocol:		6

Filter Information:
	Filter Run-Time ID:	69426
	Layer Name:		Connect
	Layer Run-Time ID:	48"
,4703,,Security,,,,WORKSTATION5$,THESHIRE,0x3E7,,,,,,"A token right was adjusted.

Subject:
	Security ID:		S-1-5-18
	Account Name:		WORKSTATION5$
	Account Domain:		THESHIRE
	Logon ID:		0x3E7

Target Account:
	Security ID:		S-1-5-18
	Account Name:		WORKSTATION5$
	Account Domain:		THESHIRE
	Logon ID:		0x3E7

Process Information:
	Process ID:		0x988
	Process Name:		C:\Windows\System32\svchost.exe

Enabled Privileges:
			SeAssignPrimaryTokenPrivilege
			SeIncreaseQuotaPrivilege
			SeSecurityPrivilege
			SeTakeOwnershipPrivilege
			SeLoadDriverPrivilege
			SeSystemtimePrivilege
			SeBackupPrivilege
			SeRestorePrivilege
			SeShutdownPrivilege
			SeSystemEnvironmentPrivilege
			SeUndockPrivilege
			SeManageVolumePrivilege

Disabled Privileges:
			-"
,4703,,Security,,,,WORKSTATION5$,THESHIRE,0x3E7,,,,,,"A token right was adjusted.

Subject:
	Security ID:		S-1-5-18
	Account Name:		WORKSTATION5$
	Account Domain:		THESHIRE
	Logon ID:		0x3E7

Target Account:
	Security ID:		S-1-5-18
	Account Name:		WORKSTATION5$
	Account Domain:		THESHIRE
	Logon ID:		0x3E7

Process Information:
	Process ID:		0x988
	Process Name:		C:\Windows\System32\svchost.exe

Enabled Privileges:
			SeAssignPrimaryTokenPrivilege
			SeIncreaseQuotaPrivilege
			SeSecurityPrivilege
			SeTakeOwnershipPrivilege
			SeLoadDriverPrivilege
			SeSystemtimePrivilege
			SeBackupPrivilege
			SeRestorePrivilege
			SeShutdownPrivilege
			SeSystemEnvironmentPrivilege
			SeUndockPrivilege
			SeManageVolumePrivilege

Disabled Privileges:
			-"
,4703,,Security,,,,WORKSTATION5$,THESHIRE,0x3E7,,,,,,"A token right was adjusted.

Subject:
	Security ID:		S-1-5-18
	Account Name:		WORKSTATION5$
	Account Domain:		THESHIRE
	Logon ID:		0x3E7

Target Account:
	Security ID:		S-1-5-18
	Account Name:		WORKSTATION5$
	Account Domain:		THESHIRE
	Logon ID:		0x3E7

Process Information:
	Process ID:		0x988
	Process Name:		C:\Windows\System32\svchost.exe

Enabled Privileges:
			SeAssignPrimaryTokenPrivilege
			SeIncreaseQuotaPrivilege
			SeSecurityPrivilege
			SeTakeOwnershipPrivilege
			SeLoadDriverPrivilege
			SeSystemtimePrivilege
			SeBackupPrivilege
			SeRestorePrivilege
			SeShutdownPrivilege
			SeSystemEnvironmentPrivilege
			SeUndockPrivilege
			SeManageVolumePrivilege

Disabled Privileges:
			-"
,4703,,Security,,,,WORKSTATION5$,THESHIRE,0x3E7,,,,,,"A token right was adjusted.

Subject:
	Security ID:		S-1-5-18
	Account Name:		WORKSTATION5$
	Account Domain:		THESHIRE
	Logon ID:		0x3E7

Target Account:
	Security ID:		S-1-5-18
	Account Name:		WORKSTATION5$
	Account Domain:		THESHIRE
	Logon ID:		0x3E7

Process Information:
	Process ID:		0x988
	Process Name:		C:\Windows\System32\svchost.exe

Enabled Privileges:
			SeAssignPrimaryTokenPrivilege
			SeIncreaseQuotaPrivilege
			SeSecurityPrivilege
			SeTakeOwnershipPrivilege
			SeLoadDriverPrivilege
			SeSystemtimePrivilege
			SeBackupPrivilege
			SeRestorePrivilege
			SeShutdownPrivilege
			SeSystemEnvironmentPrivilege
			SeUndockPrivilege
			SeManageVolumePrivilege

Disabled Privileges:
			-"
,4703,,Security,,,,WORKSTATION5$,THESHIRE,0x3E7,,,,,,"A token right was adjusted.

Subject:
	Security ID:		S-1-5-18
	Account Name:		WORKSTATION5$
	Account Domain:		THESHIRE
	Logon ID:		0x3E7

Target Account:
	Security ID:		S-1-5-18
	Account Name:		WORKSTATION5$
	Account Domain:		THESHIRE
	Logon ID:		0x3E7

Process Information:
	Process ID:		0x988
	Process Name:		C:\Windows\System32\svchost.exe

Enabled Privileges:
			SeAssignPrimaryTokenPrivilege
			SeIncreaseQuotaPrivilege
			SeSecurityPrivilege
			SeTakeOwnershipPrivilege
			SeLoadDriverPrivilege
			SeSystemtimePrivilege
			SeBackupPrivilege
			SeRestorePrivilege
			SeShutdownPrivilege
			SeSystemEnvironmentPrivilege
			SeUndockPrivilege
			SeManageVolumePrivilege

Disabled Privileges:
			-"
,4670,,Security,,,,WORKSTATION5$,THESHIRE,0x3E7,,,,,,"Permissions on an object were changed.

Subject:
	Security ID:		S-1-5-18
	Account Name:		WORKSTATION5$
	Account Domain:		THESHIRE
	Logon ID:		0x3E7

Object:
	Object Server:	Security
	Object Type:	Token
	Object Name:	-
	Handle ID:	0xaf4

Process:
	Process ID:	0x988
	Process Name:	C:\Windows\System32\svchost.exe

Permissions Change:
	Original Security Descriptor:	D:(A;;GA;;;SY)(A;;GA;;;NS)
	New Security Descriptor:	D:(A;;GA;;;SY)(A;;RC;;;OW)(A;;GA;;;S-1-5-86-615999462-62705297-2911207457-59056572-3668589837)"
,4703,,Security,,,,WORKSTATION5$,THESHIRE,0x3E7,,,,,,"A token right was adjusted.

Subject:
	Security ID:		S-1-5-18
	Account Name:		WORKSTATION5$
	Account Domain:		THESHIRE
	Logon ID:		0x3E7

Target Account:
	Security ID:		S-1-5-18
	Account Name:		WORKSTATION5$
	Account Domain:		THESHIRE
	Logon ID:		0x3E7

Process Information:
	Process ID:		0x988
	Process Name:		C:\Windows\System32\svchost.exe

Enabled Privileges:
			SeAssignPrimaryTokenPrivilege
			SeIncreaseQuotaPrivilege
			SeSecurityPrivilege
			SeTakeOwnershipPrivilege
			SeLoadDriverPrivilege
			SeSystemtimePrivilege
			SeBackupPrivilege
			SeRestorePrivilege
			SeShutdownPrivilege
			SeSystemEnvironmentPrivilege
			SeUndockPrivilege
			SeManageVolumePrivilege

Disabled Privileges:
			-"
,5156,,Security,,,,,,,,,,,,"The Windows Filtering Platform has permitted a connection.

Application Information:
	Process ID:		3548
	Application Name:	\device\harddiskvolume2\packages\plugins\microsoft.azure.networkwatcher.networkwatcheragentwindows\1.4.1587.1\networkwatcheragent\networkwatcheragent.exe

Network Information:
	Direction:		Outbound
	Source Address:		172.18.39.6
	Source Port:		50110
	Destination Address:	169.254.169.254
	Destination Port:		80
	Protocol:		6

Filter Information:
	Filter Run-Time ID:	69426
	Layer Name:		Connect
	Layer Run-Time ID:	48"
,4656,,Security,,,,LOCAL SERVICE,NT AUTHORITY,0x3E5,,,,,,"A handle to an object was requested.

Subject:
	Security ID:		S-1-5-19
	Account Name:		LOCAL SERVICE
	Account Domain:		NT AUTHORITY
	Logon ID:		0x3E5

Object:
	Object Server:		SC Manager
	Object Type:		SC_MANAGER OBJECT
	Object Name:		ServicesActive
	Handle ID:		0x21849e4c5a0
	Resource Attributes:	-

Process Information:
	Process ID:		0x2dc
	Process Name:		C:\Windows\System32\services.exe

Access Request Information:
	Transaction ID:		{00000000-0000-0000-0000-000000000000}
	Accesses:		Connect to service controller
				Enumerate services
				
	Access Reasons:		-
	Access Mask:		0x5
	Privileges Used for Access Check:	-
	Restricted SID Count:	0"
,5156,,Security,,,,,,,,,,,,"The Windows Filtering Platform has permitted a connection.

Application Information:
	Process ID:		1696
	Application Name:	\device\harddiskvolume2\windows\system32\svchost.exe

Network Information:
	Direction:		Outbound
	Source Address:		fe80::3816:b2ee:1b9b:324b
	Source Port:		54213
	Destination Address:	fe80::3816:b2ee:1b9b:324b
	Destination Port:		389
	Protocol:		6

Filter Information:
	Filter Run-Time ID:	65853
	Layer Name:		Connect
	Layer Run-Time ID:	50"
,4658,,Security,,,,MORDORDC$,THESHIRE,0x3E7,,,,,,"The handle to an object was closed.

Subject :
	Security ID:		S-1-5-18
	Account Name:		MORDORDC$
	Account Domain:		THESHIRE
	Logon ID:		0x3E7

Object:
	Object Server:		Security
	Handle ID:		0x4b4

Process Information:
	Process ID:		0x6a0
	Process Name:		C:\Windows\System32\svchost.exe"
,5158,,Security,,,,,,,,,,,,"The Windows Filtering Platform has permitted a bind to a local port.

Application Information:
	Process ID:		3280
	Application Name:	\device\harddiskvolume2\windows\system32\svchost.exe

Network Information:
	Source Address:		0.0.0.0
	Source Port:		65378
	Protocol:		6

Filter Information:
	Filter Run-Time ID:	0
	Layer Name:		Resource Assignment
	Layer Run-Time ID:	36"
,5158,,Security,,,,,,,,,,,,"The Windows Filtering Platform has permitted a bind to a local port.

Application Information:
	Process ID:		1648
	Application Name:	\device\harddiskvolume2\windows\system32\windowspowershell\v1.0\powershell.exe

Network Information:
	Source Address:		0.0.0.0
	Source Port:		65379
	Protocol:		6

Filter Information:
	Filter Run-Time ID:	0
	Layer Name:		Resource Assignment
	Layer Run-Time ID:	36"
,5156,,Security,,,,,,,,,,,,"The Windows Filtering Platform has permitted a connection.

Application Information:
	Process ID:		1648
	Application Name:	\device\harddiskvolume2\windows\system32\windowspowershell\v1.0\powershell.exe

Network Information:
	Direction:		Outbound
	Source Address:		172.18.39.5
	Source Port:		65379
	Destination Address:	10.10.10.5
	Destination Port:		80
	Protocol:		6

Filter Information:
	Filter Run-Time ID:	69420
	Layer Name:		Connect
	Layer Run-Time ID:	48"
,5158,,Security,,,,,,,,,,,,"The Windows Filtering Platform has permitted a bind to a local port.

Application Information:
	Process ID:		1648
	Application Name:	\device\harddiskvolume2\windows\system32\windowspowershell\v1.0\powershell.exe

Network Information:
	Source Address:		0.0.0.0
	Source Port:		65380
	Protocol:		6

Filter Information:
	Filter Run-Time ID:	0
	Layer Name:		Resource Assignment
	Layer Run-Time ID:	36"
,5156,,Security,,,,,,,,,,,,"The Windows Filtering Platform has permitted a connection.

Application Information:
	Process ID:		1648
	Application Name:	\device\harddiskvolume2\windows\system32\windowspowershell\v1.0\powershell.exe

Network Information:
	Direction:		Outbound
	Source Address:		172.18.39.5
	Source Port:		65380
	Destination Address:	10.10.10.5
	Destination Port:		80
	Protocol:		6

Filter Information:
	Filter Run-Time ID:	69420
	Layer Name:		Connect
	Layer Run-Time ID:	48"
,5156,,Security,,,,,,,,,,,,"The Windows Filtering Platform has permitted a connection.

Application Information:
	Process ID:		3472
	Application Name:	\device\harddiskvolume2\packages\plugins\microsoft.azure.networkwatcher.networkwatcheragentwindows\1.4.1587.1\networkwatcheragent\networkwatcheragent.exe

Network Information:
	Direction:		Outbound
	Source Address:		172.18.39.5
	Source Port:		52810
	Destination Address:	169.254.169.254
	Destination Port:		80
	Protocol:		6

Filter Information:
	Filter Run-Time ID:	69424
	Layer Name:		Connect
	Layer Run-Time ID:	48"
,5156,,Security,,,,,,,,,,,,"The Windows Filtering Platform has permitted a connection.

Application Information:
	Process ID:		3472
	Application Name:	\device\harddiskvolume2\packages\plugins\microsoft.azure.networkwatcher.networkwatcheragentwindows\1.4.1587.1\networkwatcheragent\networkwatcheragent.exe

Network Information:
	Direction:		Outbound
	Source Address:		172.18.39.5
	Source Port:		52810
	Destination Address:	169.254.169.254
	Destination Port:		80
	Protocol:		6

Filter Information:
	Filter Run-Time ID:	69424
	Layer Name:		Connect
	Layer Run-Time ID:	48"
,5156,,Security,,,,,,,,,,,,"The Windows Filtering Platform has permitted a connection.

Application Information:
	Process ID:		3548
	Application Name:	\device\harddiskvolume2\packages\plugins\microsoft.azure.networkwatcher.networkwatcheragentwindows\1.4.1587.1\networkwatcheragent\networkwatcheragent.exe

Network Information:
	Direction:		Outbound
	Source Address:		172.18.39.6
	Source Port:		50110
	Destination Address:	169.254.169.254
	Destination Port:		80
	Protocol:		6

Filter Information:
	Filter Run-Time ID:	69426
	Layer Name:		Connect
	Layer Run-Time ID:	48"
,5158,,Security,,,,,,,,,,,,"The Windows Filtering Platform has permitted a bind to a local port.

Application Information:
	Process ID:		3280
	Application Name:	\device\harddiskvolume2\windows\system32\svchost.exe

Network Information:
	Source Address:		0.0.0.0
	Source Port:		65377
	Protocol:		6

Filter Information:
	Filter Run-Time ID:	0
	Layer Name:		Resource Assignment
	Layer Run-Time ID:	36"
,5156,,Security,,,,,,,,,,,,"The Windows Filtering Platform has permitted a connection.

Application Information:
	Process ID:		3548
	Application Name:	\device\harddiskvolume2\packages\plugins\microsoft.azure.networkwatcher.networkwatcheragentwindows\1.4.1587.1\networkwatcheragent\networkwatcheragent.exe

Network Information:
	Direction:		Outbound
	Source Address:		172.18.39.6
	Source Port:		50110
	Destination Address:	169.254.169.254
	Destination Port:		80
	Protocol:		6

Filter Information:
	Filter Run-Time ID:	69426
	Layer Name:		Connect
	Layer Run-Time ID:	48"
,5158,,Security,,,,,,,,,,,,"The Windows Filtering Platform has permitted a bind to a local port.

Application Information:
	Process ID:		3120
	Application Name:	\device\harddiskvolume2\windows\system32\svchost.exe

Network Information:
	Source Address:		0.0.0.0
	Source Port:		62598
	Protocol:		6

Filter Information:
	Filter Run-Time ID:	0
	Layer Name:		Resource Assignment
	Layer Run-Time ID:	36"
,5158,,Security,,,,,,,,,,,,"The Windows Filtering Platform has permitted a bind to a local port.

Application Information:
	Process ID:		3120
	Application Name:	\device\harddiskvolume2\windows\system32\svchost.exe

Network Information:
	Source Address:		0.0.0.0
	Source Port:		62599
	Protocol:		6

Filter Information:
	Filter Run-Time ID:	0
	Layer Name:		Resource Assignment
	Layer Run-Time ID:	36"
,5158,,Security,,,,,,,,,,,,"The Windows Filtering Platform has permitted a bind to a local port.

Application Information:
	Process ID:		3120
	Application Name:	\device\harddiskvolume2\windows\system32\svchost.exe

Network Information:
	Source Address:		0.0.0.0
	Source Port:		62600
	Protocol:		6

Filter Information:
	Filter Run-Time ID:	0
	Layer Name:		Resource Assignment
	Layer Run-Time ID:	36"
,5158,,Security,,,,,,,,,,,,"The Windows Filtering Platform has permitted a bind to a local port.

Application Information:
	Process ID:		3120
	Application Name:	\device\harddiskvolume2\windows\system32\svchost.exe

Network Information:
	Source Address:		0.0.0.0
	Source Port:		62601
	Protocol:		6

Filter Information:
	Filter Run-Time ID:	0
	Layer Name:		Resource Assignment
	Layer Run-Time ID:	36"
,5158,,Security,,,,,,,,,,,,"The Windows Filtering Platform has permitted a bind to a local port.

Application Information:
	Process ID:		3120
	Application Name:	\device\harddiskvolume2\windows\system32\svchost.exe

Network Information:
	Source Address:		0.0.0.0
	Source Port:		62602
	Protocol:		6

Filter Information:
	Filter Run-Time ID:	0
	Layer Name:		Resource Assignment
	Layer Run-Time ID:	36"
,5158,,Security,,,,,,,,,,,,"The Windows Filtering Platform has permitted a bind to a local port.

Application Information:
	Process ID:		3120
	Application Name:	\device\harddiskvolume2\windows\system32\svchost.exe

Network Information:
	Source Address:		0.0.0.0
	Source Port:		62603
	Protocol:		6

Filter Information:
	Filter Run-Time ID:	0
	Layer Name:		Resource Assignment
	Layer Run-Time ID:	36"
,5158,,Security,,,,,,,,,,,,"The Windows Filtering Platform has permitted a bind to a local port.

Application Information:
	Process ID:		3120
	Application Name:	\device\harddiskvolume2\windows\system32\svchost.exe

Network Information:
	Source Address:		0.0.0.0
	Source Port:		62604
	Protocol:		6

Filter Information:
	Filter Run-Time ID:	0
	Layer Name:		Resource Assignment
	Layer Run-Time ID:	36"
,5158,,Security,,,,,,,,,,,,"The Windows Filtering Platform has permitted a bind to a local port.

Application Information:
	Process ID:		3120
	Application Name:	\device\harddiskvolume2\windows\system32\svchost.exe

Network Information:
	Source Address:		0.0.0.0
	Source Port:		62605
	Protocol:		6

Filter Information:
	Filter Run-Time ID:	0
	Layer Name:		Resource Assignment
	Layer Run-Time ID:	36"
,5158,,Security,,,,,,,,,,,,"The Windows Filtering Platform has permitted a bind to a local port.

Application Information:
	Process ID:		3120
	Application Name:	\device\harddiskvolume2\windows\system32\svchost.exe

Network Information:
	Source Address:		0.0.0.0
	Source Port:		62597
	Protocol:		6

Filter Information:
	Filter Run-Time ID:	0
	Layer Name:		Resource Assignment
	Layer Run-Time ID:	36"
,5158,,Security,,,,,,,,,,,,"The Windows Filtering Platform has permitted a bind to a local port.

Application Information:
	Process ID:		3120
	Application Name:	\device\harddiskvolume2\windows\system32\svchost.exe

Network Information:
	Source Address:		0.0.0.0
	Source Port:		62606
	Protocol:		6

Filter Information:
	Filter Run-Time ID:	0
	Layer Name:		Resource Assignment
	Layer Run-Time ID:	36"
,5156,,Security,,,,,,,,,,,,"The Windows Filtering Platform has permitted a connection.

Application Information:
	Process ID:		1448
	Application Name:	\device\harddiskvolume2\windows\system32\svchost.exe

Network Information:
	Direction:		Outbound
	Source Address:		172.18.39.5
	Source Port:		56142
	Destination Address:	172.18.38.5
	Destination Port:		53
	Protocol:		17

Filter Information:
	Filter Run-Time ID:	69420
	Layer Name:		Connect
	Layer Run-Time ID:	48"
,5158,,Security,,,,,,,,,,,,"The Windows Filtering Platform has permitted a bind to a local port.

Application Information:
	Process ID:		1448
	Application Name:	\device\harddiskvolume2\windows\system32\svchost.exe

Network Information:
	Source Address:		::
	Source Port:		56142
	Protocol:		17

Filter Information:
	Filter Run-Time ID:	0
	Layer Name:		Resource Assignment
	Layer Run-Time ID:	36"
,5156,,Security,,,,,,,,,,,,"The Windows Filtering Platform has permitted a connection.

Application Information:
	Process ID:		1648
	Application Name:	\device\harddiskvolume2\windows\system32\windowspowershell\v1.0\powershell.exe

Network Information:
	Direction:		Outbound
	Source Address:		172.18.39.5
	Source Port:		65372
	Destination Address:	10.10.10.5
	Destination Port:		80
	Protocol:		6

Filter Information:
	Filter Run-Time ID:	69420
	Layer Name:		Connect
	Layer Run-Time ID:	48"
,5158,,Security,,,,,,,,,,,,"The Windows Filtering Platform has permitted a bind to a local port.

Application Information:
	Process ID:		3120
	Application Name:	\device\harddiskvolume2\windows\system32\svchost.exe

Network Information:
	Source Address:		0.0.0.0
	Source Port:		62596
	Protocol:		6

Filter Information:
	Filter Run-Time ID:	0
	Layer Name:		Resource Assignment
	Layer Run-Time ID:	36"
,5156,,Security,,,,,,,,,,,,"The Windows Filtering Platform has permitted a connection.

Application Information:
	Process ID:		3472
	Application Name:	\device\harddiskvolume2\packages\plugins\microsoft.azure.networkwatcher.networkwatcheragentwindows\1.4.1587.1\networkwatcheragent\networkwatcheragent.exe

Network Information:
	Direction:		Outbound
	Source Address:		172.18.39.5
	Source Port:		52810
	Destination Address:	169.254.169.254
	Destination Port:		80
	Protocol:		6

Filter Information:
	Filter Run-Time ID:	69424
	Layer Name:		Connect
	Layer Run-Time ID:	48"
,5156,,Security,,,,,,,,,,,,"The Windows Filtering Platform has permitted a connection.

Application Information:
	Process ID:		3472
	Application Name:	\device\harddiskvolume2\packages\plugins\microsoft.azure.networkwatcher.networkwatcheragentwindows\1.4.1587.1\networkwatcheragent\networkwatcheragent.exe

Network Information:
	Direction:		Outbound
	Source Address:		172.18.39.5
	Source Port:		52810
	Destination Address:	169.254.169.254
	Destination Port:		80
	Protocol:		6

Filter Information:
	Filter Run-Time ID:	69424
	Layer Name:		Connect
	Layer Run-Time ID:	48"
,5156,,Security,,,,,,,,,,,,"The Windows Filtering Platform has permitted a connection.

Application Information:
	Process ID:		3548
	Application Name:	\device\harddiskvolume2\packages\plugins\microsoft.azure.networkwatcher.networkwatcheragentwindows\1.4.1587.1\networkwatcheragent\networkwatcheragent.exe

Network Information:
	Direction:		Outbound
	Source Address:		172.18.39.6
	Source Port:		50110
	Destination Address:	169.254.169.254
	Destination Port:		80
	Protocol:		6

Filter Information:
	Filter Run-Time ID:	69426
	Layer Name:		Connect
	Layer Run-Time ID:	48"
,5156,,Security,,,,,,,,,,,,"The Windows Filtering Platform has permitted a connection.

Application Information:
	Process ID:		3548
	Application Name:	\device\harddiskvolume2\packages\plugins\microsoft.azure.networkwatcher.networkwatcheragentwindows\1.4.1587.1\networkwatcheragent\networkwatcheragent.exe

Network Information:
	Direction:		Outbound
	Source Address:		172.18.39.6
	Source Port:		50110
	Destination Address:	169.254.169.254
	Destination Port:		80
	Protocol:		6

Filter Information:
	Filter Run-Time ID:	69426
	Layer Name:		Connect
	Layer Run-Time ID:	48"
,5158,,Security,,,,,,,,,,,,"The Windows Filtering Platform has permitted a bind to a local port.

Application Information:
	Process ID:		3532
	Application Name:	\device\harddiskvolume2\windows\adws\microsoft.activedirectory.webservices.exe

Network Information:
	Source Address:		::
	Source Port:		54212
	Protocol:		6

Filter Information:
	Filter Run-Time ID:	0
	Layer Name:		Resource Assignment
	Layer Run-Time ID:	38"
,5156,,Security,,,,,,,,,,,,"The Windows Filtering Platform has permitted a connection.

Application Information:
	Process ID:		3532
	Application Name:	\device\harddiskvolume2\windows\adws\microsoft.activedirectory.webservices.exe

Network Information:
	Direction:		Outbound
	Source Address:		::1
	Source Port:		54212
	Destination Address:	::1
	Destination Port:		389
	Protocol:		6

Filter Information:
	Filter Run-Time ID:	65853
	Layer Name:		Connect
	Layer Run-Time ID:	50"
,5158,,Security,,,,,,,,,,,,"The Windows Filtering Platform has permitted a bind to a local port.

Application Information:
	Process ID:		1448
	Application Name:	\device\harddiskvolume2\windows\system32\svchost.exe

Network Information:
	Source Address:		::
	Source Port:		56142
	Protocol:		17

Filter Information:
	Filter Run-Time ID:	0
	Layer Name:		Resource Assignment
	Layer Run-Time ID:	38"
,5156,,Security,,,,,,,,,,,,"The Windows Filtering Platform has permitted a connection.

Application Information:
	Process ID:		704
	Application Name:	\device\harddiskvolume2\windows\system32\lsass.exe

Network Information:
	Direction:		Inbound
	Source Address:		::1
	Source Port:		54212
	Destination Address:	::1
	Destination Port:		389
	Protocol:		6

Filter Information:
	Filter Run-Time ID:	65851
	Layer Name:		Receive/Accept
	Layer Run-Time ID:	46"
,4624,,Security,,,,-,-,0x0,,,,3,-,"An account was successfully logged on.

Subject:
	Security ID:		S-1-0-0
	Account Name:		-
	Account Domain:		-
	Logon ID:		0x0

Logon Information:
	Logon Type:		3
	Restricted Admin Mode:	-
	Virtual Account:		No
	Elevated Token:		Yes

Impersonation Level:		Impersonation

New Logon:
	Security ID:		S-1-5-18
	Account Name:		MORDORDC$
	Account Domain:		THESHIRE.LOCAL
	Logon ID:		0x2B6B6C5
	Linked Logon ID:		0x0
	Network Account Name:	-
	Network Account Domain:	-
	Logon GUID:		{b11b2054-2976-9513-aba5-ec34450ba878}

Process Information:
	Process ID:		0x0
	Process Name:		-

Network Information:
	Workstation Name:	-
	Source Network Address:	::1
	Source Port:		54212

Detailed Authentication Information:
	Logon Process:		Kerberos
	Authentication Package:	Kerberos
	Transited Services:	-
	Package Name (NTLM only):	-
	Key Length:		0

This event is generated when a logon session is created. It is generated on the computer that was accessed.

The subject fields indicate the account on the local system which requested the logon. This is most commonly a service such as the Server service, or a local process such as Winlogon.exe or Services.exe.

The logon type field indicates the kind of logon that occurred. The most common types are 2 (interactive) and 3 (network).

The New Logon fields indicate the account for whom the new logon was created, i.e. the account that was logged on.

The network fields indicate where a remote logon request originated. Workstation name is not always available and may be left blank in some cases.

The impersonation level field indicates the extent to which a process in the logon session can impersonate.

The authentication information fields provide detailed information about this specific logon request.
	- Logon GUID is a unique identifier that can be used to correlate this event with a KDC event.
	- Transited services indicate which intermediate services have participated in this logon request.
	- Package name indicates which sub-protocol was used among the NTLM protocols.
	- Key length indicates the length of the generated session key. This will be 0 if no session key was requested."
,4627,,Security,,,,-,-,0x0,,,,,,"Group membership information.

Subject:
	Security ID:		S-1-0-0
	Account Name:		-
	Account Domain:		-
	Logon ID:		0x0

Logon Type:			3

New Logon:
	Security ID:		S-1-5-18
	Account Name:		MORDORDC$
	Account Domain:		THESHIRE.LOCAL
	Logon ID:		0x2B6B6C5

Event in sequence:		1 of 1

Group Membership:			
		%{S-1-5-32-544}
		%{S-1-1-0}
		%{S-1-5-32-554}
		%{S-1-5-32-545}
		%{S-1-5-32-555}
		%{S-1-5-32-560}
		%{S-1-5-2}
		%{S-1-5-11}
		%{S-1-5-15}
		%{S-1-5-21-1363495622-3806888128-621328882-1000}
		%{S-1-5-21-1363495622-3806888128-621328882-516}
		%{S-1-5-9}
		%{S-1-18-1}
		%{S-1-5-21-1363495622-3806888128-621328882-572}
		%{S-1-16-16384}

The subject fields indicate the account on the local system which requested the logon. This is most commonly a service such as the Server service, or a local process such as Winlogon.exe or Services.exe.

The logon type field indicates the kind of logon that occurred. The most common types are 2 (interactive) and 3 (network).

The New Logon fields indicate the account for whom the new logon was created, i.e. the account that was logged on.

This event is generated when the Audit Group Membership subcategory is configured.  The Logon ID field can be used to correlate this event with the corresponding user logon event as well as to any other security audit events generated during this logon session."
,4634,,Security,,,,MORDORDC$,THESHIRE,0x2B6B6C5,,,,,,"An account was logged off.

Subject:
	Security ID:		S-1-5-18
	Account Name:		MORDORDC$
	Account Domain:		THESHIRE
	Logon ID:		0x2B6B6C5

Logon Type:			3

This event is generated when a logon session is destroyed. It may be positively correlated with a logon event using the Logon ID value. Logon IDs are only unique between reboots on the same computer."
,5156,,Security,,,,,,,,,,,,"The Windows Filtering Platform has permitted a connection.

Application Information:
	Process ID:		3616
	Application Name:	\device\harddiskvolume2\windows\system32\dns.exe

Network Information:
	Direction:		Inbound
	Source Address:		172.18.39.5
	Source Port:		56142
	Destination Address:	172.18.38.5
	Destination Port:		53
	Protocol:		17

Filter Information:
	Filter Run-Time ID:	67835
	Layer Name:		Receive/Accept
	Layer Run-Time ID:	44"
,5158,,Security,,,,,,,,,,,,"The Windows Filtering Platform has permitted a bind to a local port.

Application Information:
	Process ID:		3280
	Application Name:	\device\harddiskvolume2\windows\system32\svchost.exe

Network Information:
	Source Address:		0.0.0.0
	Source Port:		65373
	Protocol:		6

Filter Information:
	Filter Run-Time ID:	0
	Layer Name:		Resource Assignment
	Layer Run-Time ID:	36"
,5158,,Security,,,,,,,,,,,,"The Windows Filtering Platform has permitted a bind to a local port.

Application Information:
	Process ID:		3280
	Application Name:	\device\harddiskvolume2\windows\system32\svchost.exe

Network Information:
	Source Address:		0.0.0.0
	Source Port:		65374
	Protocol:		6

Filter Information:
	Filter Run-Time ID:	0
	Layer Name:		Resource Assignment
	Layer Run-Time ID:	36"
,5158,,Security,,,,,,,,,,,,"The Windows Filtering Platform has permitted a bind to a local port.

Application Information:
	Process ID:		3280
	Application Name:	\device\harddiskvolume2\windows\system32\svchost.exe

Network Information:
	Source Address:		0.0.0.0
	Source Port:		65375
	Protocol:		6

Filter Information:
	Filter Run-Time ID:	0
	Layer Name:		Resource Assignment
	Layer Run-Time ID:	36"
,5158,,Security,,,,,,,,,,,,"The Windows Filtering Platform has permitted a bind to a local port.

Application Information:
	Process ID:		3280
	Application Name:	\device\harddiskvolume2\windows\system32\svchost.exe

Network Information:
	Source Address:		0.0.0.0
	Source Port:		65376
	Protocol:		6

Filter Information:
	Filter Run-Time ID:	0
	Layer Name:		Resource Assignment
	Layer Run-Time ID:	36"
,4672,,Security,,,,MORDORDC$,THESHIRE,0x2B6B6C5,,,"SeSecurityPrivilege, SeBackupPrivilege, SeRestorePrivilege, SeTakeOwnershipPrivilege, SeDebugPrivilege, SeSystemEnvironmentPrivilege, SeLoadDriverPrivilege, SeImpersonatePrivilege, SeDelegateSessionUserImpersonatePrivilege, SeEnableDelegationPrivilege",,,"Special privileges assigned to new logon.

Subject:
	Security ID:		S-1-5-18
	Account Name:		MORDORDC$
	Account Domain:		THESHIRE
	Logon ID:		0x2B6B6C5

Privileges:		SeSecurityPrivilege
			SeBackupPrivilege
			SeRestorePrivilege
			SeTakeOwnershipPrivilege
			SeDebugPrivilege
			SeSystemEnvironmentPrivilege
			SeLoadDriverPrivilege
			SeImpersonatePrivilege
			SeDelegateSessionUserImpersonatePrivilege
			SeEnableDelegationPrivilege"
,5158,,Security,,,,,,,,,,,,"The Windows Filtering Platform has permitted a bind to a local port.

Application Information:
	Process ID:		1696
	Application Name:	\device\harddiskvolume2\windows\system32\svchost.exe

Network Information:
	Source Address:		::
	Source Port:		54213
	Protocol:		6

Filter Information:
	Filter Run-Time ID:	0
	Layer Name:		Resource Assignment
	Layer Run-Time ID:	38"
,5158,,Security,,,,,,,,,,,,"The Windows Filtering Platform has permitted a bind to a local port.

Application Information:
	Process ID:		3120
	Application Name:	\device\harddiskvolume2\windows\system32\svchost.exe

Network Information:
	Source Address:		0.0.0.0
	Source Port:		62607
	Protocol:		6

Filter Information:
	Filter Run-Time ID:	0
	Layer Name:		Resource Assignment
	Layer Run-Time ID:	36"
,5158,,Security,,,,,,,,,,,,"The Windows Filtering Platform has permitted a bind to a local port.

Application Information:
	Process ID:		3120
	Application Name:	\device\harddiskvolume2\windows\system32\svchost.exe

Network Information:
	Source Address:		0.0.0.0
	Source Port:		62609
	Protocol:		6

Filter Information:
	Filter Run-Time ID:	0
	Layer Name:		Resource Assignment
	Layer Run-Time ID:	36"
,4658,,Security,,,,pgustavo,THESHIRE,0x2BA622,,,,,,"The handle to an object was closed.

Subject :
	Security ID:		S-1-5-21-1363495622-3806888128-621328882-1104
	Account Name:		pgustavo
	Account Domain:		THESHIRE
	Logon ID:		0x2BA622

Object:
	Object Server:		Security
	Handle ID:		0xe0

Process Information:
	Process ID:		0x1968
	Process Name:		C:\Windows\System32\whoami.exe"
,4689,,Security,,,,pgustavo,THESHIRE,0x2BA622,,,,,,"A process has exited.

Subject:
	Security ID:		S-1-5-21-1363495622-3806888128-621328882-1104
	Account Name:		pgustavo
	Account Domain:		THESHIRE
	Logon ID:		0x2BA622

Process Information:
	Process ID:	0x1968
	Process Name:	C:\Windows\System32\whoami.exe
	Exit Status:	0x0"
,5156,,Security,,,,,,,,,,,,"The Windows Filtering Platform has permitted a connection.

Application Information:
	Process ID:		3472
	Application Name:	\device\harddiskvolume2\packages\plugins\microsoft.azure.networkwatcher.networkwatcheragentwindows\1.4.1587.1\networkwatcheragent\networkwatcheragent.exe

Network Information:
	Direction:		Outbound
	Source Address:		172.18.39.5
	Source Port:		52810
	Destination Address:	169.254.169.254
	Destination Port:		80
	Protocol:		6

Filter Information:
	Filter Run-Time ID:	69424
	Layer Name:		Connect
	Layer Run-Time ID:	48"
,5156,,Security,,,,,,,,,,,,"The Windows Filtering Platform has permitted a connection.

Application Information:
	Process ID:		3472
	Application Name:	\device\harddiskvolume2\packages\plugins\microsoft.azure.networkwatcher.networkwatcheragentwindows\1.4.1587.1\networkwatcheragent\networkwatcheragent.exe

Network Information:
	Direction:		Outbound
	Source Address:		172.18.39.5
	Source Port:		52810
	Destination Address:	169.254.169.254
	Destination Port:		80
	Protocol:		6

Filter Information:
	Filter Run-Time ID:	69424
	Layer Name:		Connect
	Layer Run-Time ID:	48"
,4690,,Security,,,,MORDORDC$,THESHIRE,0x3E7,,,,,,"An attempt was made to duplicate a handle to an object.

Subject:
	Security ID:		S-1-5-18
	Account Name:		MORDORDC$
	Account Domain:		THESHIRE
	Logon ID:		0x3E7

Source Handle Information:
	Source Handle ID:	0x4b4
	Source Process ID:	0x6a0

New Handle Information:
	Target Handle ID:	0x27bc
	Target Process ID:	0x4"
,4658,,Security,,,,MORDORDC$,THESHIRE,0x3E7,,,,,,"The handle to an object was closed.

Subject :
	Security ID:		S-1-5-18
	Account Name:		MORDORDC$
	Account Domain:		THESHIRE
	Logon ID:		0x3E7

Object:
	Object Server:		Security
	Handle ID:		0x27bc

Process Information:
	Process ID:		0x6a0
	Process Name:		C:\Windows\System32\svchost.exe"
,4656,,Security,,,,MORDORDC$,THESHIRE,0x3E7,,,,,,"A handle to an object was requested.

Subject:
	Security ID:		S-1-5-18
	Account Name:		MORDORDC$
	Account Domain:		THESHIRE
	Logon ID:		0x3E7

Object:
	Object Server:		Security
	Object Type:		Key
	Object Name:		\REGISTRY\MACHINE\SOFTWARE\Microsoft\Windows NT\CurrentVersion\Winlogon
	Handle ID:		0x4b4
	Resource Attributes:	-

Process Information:
	Process ID:		0x6a0
	Process Name:		C:\Windows\System32\svchost.exe

Access Request Information:
	Transaction ID:		{00000000-0000-0000-0000-000000000000}
	Accesses:		READ_CONTROL
				Query key value
				Enumerate sub-keys
				Notify about changes to keys
				
	Access Reasons:		-
	Access Mask:		0x20019
	Privileges Used for Access Check:	-
	Restricted SID Count:	0"
,4663,,Security,,,,MORDORDC$,THESHIRE,0x3E7,,,,,,"An attempt was made to access an object.

Subject:
	Security ID:		S-1-5-18
	Account Name:		MORDORDC$
	Account Domain:		THESHIRE
	Logon ID:		0x3E7

Object:
	Object Server:		Security
	Object Type:		Key
	Object Name:		\REGISTRY\MACHINE\SOFTWARE\Microsoft\Windows NT\CurrentVersion\Winlogon
	Handle ID:		0x4b4
	Resource Attributes:	-

Process Information:
	Process ID:		0x6a0
	Process Name:		C:\Windows\System32\svchost.exe

Access Request Information:
	Accesses:		Query key value
				
	Access Mask:		0x1"
,4663,,Security,,,,pgustavo,THESHIRE,0x2BA622,,,,,,"An attempt was made to access an object.

Subject:
	Security ID:		S-1-5-21-1363495622-3806888128-621328882-1104
	Account Name:		pgustavo
	Account Domain:		THESHIRE
	Logon ID:		0x2BA622

Object:
	Object Server:		Security
	Object Type:		Key
	Object Name:		\REGISTRY\MACHINE\SYSTEM\ControlSet001\Control\Lsa
	Handle ID:		0xe0
	Resource Attributes:	-

Process Information:
	Process ID:		0x1968
	Process Name:		C:\Windows\System32\whoami.exe

Access Request Information:
	Accesses:		Query key value
				
	Access Mask:		0x1"
,4658,,Security,,,,MORDORDC$,THESHIRE,0x3E7,,,,,,"The handle to an object was closed.

Subject :
	Security ID:		S-1-5-18
	Account Name:		MORDORDC$
	Account Domain:		THESHIRE
	Logon ID:		0x3E7

Object:
	Object Server:		Security
	Handle ID:		0x4b4

Process Information:
	Process ID:		0x6a0
	Process Name:		C:\Windows\System32\svchost.exe"
,4658,,Security,,,,MORDORDC$,THESHIRE,0x3E7,,,,,,"The handle to an object was closed.

Subject :
	Security ID:		S-1-5-18
	Account Name:		MORDORDC$
	Account Domain:		THESHIRE
	Logon ID:		0x3E7

Object:
	Object Server:		Security
	Handle ID:		0x20c8

Process Information:
	Process ID:		0x6a0
	Process Name:		C:\Windows\System32\svchost.exe"
,4656,,Security,,,,MORDORDC$,THESHIRE,0x3E7,,,,,,"A handle to an object was requested.

Subject:
	Security ID:		S-1-5-18
	Account Name:		MORDORDC$
	Account Domain:		THESHIRE
	Logon ID:		0x3E7

Object:
	Object Server:		Security
	Object Type:		Key
	Object Name:		\REGISTRY\MACHINE\SOFTWARE\Microsoft\Windows NT\CurrentVersion\Winlogon
	Handle ID:		0x4bc
	Resource Attributes:	-

Process Information:
	Process ID:		0x6a0
	Process Name:		C:\Windows\System32\svchost.exe

Access Request Information:
	Transaction ID:		{00000000-0000-0000-0000-000000000000}
	Accesses:		READ_CONTROL
				Query key value
				Enumerate sub-keys
				Notify about changes to keys
				
	Access Reasons:		-
	Access Mask:		0x20019
	Privileges Used for Access Check:	-
	Restricted SID Count:	0"
,4663,,Security,,,,MORDORDC$,THESHIRE,0x3E7,,,,,,"An attempt was made to access an object.

Subject:
	Security ID:		S-1-5-18
	Account Name:		MORDORDC$
	Account Domain:		THESHIRE
	Logon ID:		0x3E7

Object:
	Object Server:		Security
	Object Type:		Key
	Object Name:		\REGISTRY\MACHINE\SOFTWARE\Microsoft\Windows NT\CurrentVersion\Winlogon
	Handle ID:		0x4bc
	Resource Attributes:	-

Process Information:
	Process ID:		0x6a0
	Process Name:		C:\Windows\System32\svchost.exe

Access Request Information:
	Accesses:		Query key value
				
	Access Mask:		0x1"
,4658,,Security,,,,MORDORDC$,THESHIRE,0x3E7,,,,,,"The handle to an object was closed.

Subject :
	Security ID:		S-1-5-18
	Account Name:		MORDORDC$
	Account Domain:		THESHIRE
	Logon ID:		0x3E7

Object:
	Object Server:		Security
	Handle ID:		0x4bc

Process Information:
	Process ID:		0x6a0
	Process Name:		C:\Windows\System32\svchost.exe"
,4690,,Security,,,,MORDORDC$,THESHIRE,0x3E7,,,,,,"An attempt was made to duplicate a handle to an object.

Subject:
	Security ID:		S-1-5-18
	Account Name:		MORDORDC$
	Account Domain:		THESHIRE
	Logon ID:		0x3E7

Source Handle Information:
	Source Handle ID:	0x4b4
	Source Process ID:	0x6a0

New Handle Information:
	Target Handle ID:	0x27a4
	Target Process ID:	0x4"
,4658,,Security,,,,MORDORDC$,THESHIRE,0x3E7,,,,,,"The handle to an object was closed.

Subject :
	Security ID:		S-1-5-18
	Account Name:		MORDORDC$
	Account Domain:		THESHIRE
	Logon ID:		0x3E7

Object:
	Object Server:		Security
	Handle ID:		0x27a4

Process Information:
	Process ID:		0x6a0
	Process Name:		C:\Windows\System32\svchost.exe"
,4656,,Security,,,,MORDORDC$,THESHIRE,0x3E7,,,,,,"A handle to an object was requested.

Subject:
	Security ID:		S-1-5-18
	Account Name:		MORDORDC$
	Account Domain:		THESHIRE
	Logon ID:		0x3E7

Object:
	Object Server:		Security
	Object Type:		Key
	Object Name:		\REGISTRY\MACHINE\SOFTWARE\Microsoft\Windows NT\CurrentVersion\Winlogon
	Handle ID:		0x4b4
	Resource Attributes:	-

Process Information:
	Process ID:		0x6a0
	Process Name:		C:\Windows\System32\svchost.exe

Access Request Information:
	Transaction ID:		{00000000-0000-0000-0000-000000000000}
	Accesses:		READ_CONTROL
				Query key value
				Enumerate sub-keys
				Notify about changes to keys
				
	Access Reasons:		-
	Access Mask:		0x20019
	Privileges Used for Access Check:	-
	Restricted SID Count:	0"
,4663,,Security,,,,MORDORDC$,THESHIRE,0x3E7,,,,,,"An attempt was made to access an object.

Subject:
	Security ID:		S-1-5-18
	Account Name:		MORDORDC$
	Account Domain:		THESHIRE
	Logon ID:		0x3E7

Object:
	Object Server:		Security
	Object Type:		Key
	Object Name:		\REGISTRY\MACHINE\SOFTWARE\Microsoft\Windows NT\CurrentVersion\Winlogon
	Handle ID:		0x4b4
	Resource Attributes:	-

Process Information:
	Process ID:		0x6a0
	Process Name:		C:\Windows\System32\svchost.exe

Access Request Information:
	Accesses:		Query key value
				
	Access Mask:		0x1"
,4690,,Security,,,,MORDORDC$,THESHIRE,0x3E7,,,,,,"An attempt was made to duplicate a handle to an object.

Subject:
	Security ID:		S-1-5-18
	Account Name:		MORDORDC$
	Account Domain:		THESHIRE
	Logon ID:		0x3E7

Source Handle Information:
	Source Handle ID:	0x4bc
	Source Process ID:	0x6a0

New Handle Information:
	Target Handle ID:	0x20c8
	Target Process ID:	0x4"
,5158,,Security,,,,,,,,,,,,"The Windows Filtering Platform has permitted a bind to a local port.

Application Information:
	Process ID:		3120
	Application Name:	\device\harddiskvolume2\windows\system32\svchost.exe

Network Information:
	Source Address:		0.0.0.0
	Source Port:		62608
	Protocol:		6

Filter Information:
	Filter Run-Time ID:	0
	Layer Name:		Resource Assignment
	Layer Run-Time ID:	36"
,4656,,Security,,,,pgustavo,THESHIRE,0x2BA622,,,,,,"A handle to an object was requested.

Subject:
	Security ID:		S-1-5-21-1363495622-3806888128-621328882-1104
	Account Name:		pgustavo
	Account Domain:		THESHIRE
	Logon ID:		0x2BA622

Object:
	Object Server:		Security
	Object Type:		Key
	Object Name:		\REGISTRY\MACHINE\SYSTEM\ControlSet001\Control\Lsa
	Handle ID:		0xe0
	Resource Attributes:	-

Process Information:
	Process ID:		0x1968
	Process Name:		C:\Windows\System32\whoami.exe

Access Request Information:
	Transaction ID:		{00000000-0000-0000-0000-000000000000}
	Accesses:		Query key value
				
	Access Reasons:		-
	Access Mask:		0x1
	Privileges Used for Access Check:	-
	Restricted SID Count:	0"
,4690,,Security,,,,pgustavo,THESHIRE,0x2BA622,,,,,,"An attempt was made to duplicate a handle to an object.

Subject:
	Security ID:		S-1-5-21-1363495622-3806888128-621328882-1104
	Account Name:		pgustavo
	Account Domain:		THESHIRE
	Logon ID:		0x2BA622

Source Handle Information:
	Source Handle ID:	0xe0
	Source Process ID:	0x1968

New Handle Information:
	Target Handle ID:	0x23dc
	Target Process ID:	0x4"
,5158,,Security,,,,,,,,,,,,"The Windows Filtering Platform has permitted a bind to a local port.

Application Information:
	Process ID:		3120
	Application Name:	\device\harddiskvolume2\windows\system32\svchost.exe

Network Information:
	Source Address:		0.0.0.0
	Source Port:		62610
	Protocol:		6

Filter Information:
	Filter Run-Time ID:	0
	Layer Name:		Resource Assignment
	Layer Run-Time ID:	36"
,5158,,Security,,,,,,,,,,,,"The Windows Filtering Platform has permitted a bind to a local port.

Application Information:
	Process ID:		3120
	Application Name:	\device\harddiskvolume2\windows\system32\svchost.exe

Network Information:
	Source Address:		0.0.0.0
	Source Port:		62611
	Protocol:		6

Filter Information:
	Filter Run-Time ID:	0
	Layer Name:		Resource Assignment
	Layer Run-Time ID:	36"
,5158,,Security,,,,,,,,,,,,"The Windows Filtering Platform has permitted a bind to a local port.

Application Information:
	Process ID:		3120
	Application Name:	\device\harddiskvolume2\windows\system32\svchost.exe

Network Information:
	Source Address:		0.0.0.0
	Source Port:		62612
	Protocol:		6

Filter Information:
	Filter Run-Time ID:	0
	Layer Name:		Resource Assignment
	Layer Run-Time ID:	36"
,5158,,Security,,,,,,,,,,,,"The Windows Filtering Platform has permitted a bind to a local port.

Application Information:
	Process ID:		3120
	Application Name:	\device\harddiskvolume2\windows\system32\svchost.exe

Network Information:
	Source Address:		0.0.0.0
	Source Port:		62613
	Protocol:		6

Filter Information:
	Filter Run-Time ID:	0
	Layer Name:		Resource Assignment
	Layer Run-Time ID:	36"
,5158,,Security,,,,,,,,,,,,"The Windows Filtering Platform has permitted a bind to a local port.

Application Information:
	Process ID:		3120
	Application Name:	\device\harddiskvolume2\windows\system32\svchost.exe

Network Information:
	Source Address:		0.0.0.0
	Source Port:		62614
	Protocol:		6

Filter Information:
	Filter Run-Time ID:	0
	Layer Name:		Resource Assignment
	Layer Run-Time ID:	36"
,4689,,Security,,,,pgustavo,THESHIRE,0x2BC327,,,,,,"A process has exited.

Subject:
	Security ID:		S-1-5-21-1363495622-3806888128-621328882-1104
	Account Name:		pgustavo
	Account Domain:		THESHIRE
	Logon ID:		0x2BC327

Process Information:
	Process ID:	0x157c
	Process Name:	C:\Windows\System32\SearchProtocolHost.exe
	Exit Status:	0x0"
,4689,,Security,,,,WORKSTATION5$,THESHIRE,0x3E7,,,,,,"A process has exited.

Subject:
	Security ID:		S-1-5-18
	Account Name:		WORKSTATION5$
	Account Domain:		THESHIRE
	Logon ID:		0x3E7

Process Information:
	Process ID:	0x994
	Process Name:	C:\Windows\System32\SearchFilterHost.exe
	Exit Status:	0x0"
,4703,,Security,,,,WORKSTATION5$,THESHIRE,0x3E7,,,,,,"A token right was adjusted.

Subject:
	Security ID:		S-1-5-18
	Account Name:		WORKSTATION5$
	Account Domain:		THESHIRE
	Logon ID:		0x3E7

Target Account:
	Security ID:		S-1-5-18
	Account Name:		WORKSTATION5$
	Account Domain:		THESHIRE
	Logon ID:		0x3E7

Process Information:
	Process ID:		0x6f8
	Process Name:		C:\Windows\System32\svchost.exe

Enabled Privileges:
			SeTakeOwnershipPrivilege

Disabled Privileges:
			-"
,4658,,Security,,,,pgustavo,THESHIRE,0x2BA622,,,,,,"The handle to an object was closed.

Subject :
	Security ID:		S-1-5-21-1363495622-3806888128-621328882-1104
	Account Name:		pgustavo
	Account Domain:		THESHIRE
	Logon ID:		0x2BA622

Object:
	Object Server:		Security
	Handle ID:		0x23dc

Process Information:
	Process ID:		0x1968
	Process Name:		C:\Windows\System32\whoami.exe"
,5158,,Security,,,,,,,,,,,,"The Windows Filtering Platform has permitted a bind to a local port.

Application Information:
	Process ID:		3280
	Application Name:	\device\harddiskvolume2\windows\system32\svchost.exe

Network Information:
	Source Address:		0.0.0.0
	Source Port:		65381
	Protocol:		6

Filter Information:
	Filter Run-Time ID:	0
	Layer Name:		Resource Assignment
	Layer Run-Time ID:	36"
,4690,,Security,,,,pgustavo,THESHIRE,0x2BA622,,,,,,"An attempt was made to duplicate a handle to an object.

Subject:
	Security ID:		S-1-5-21-1363495622-3806888128-621328882-1104
	Account Name:		pgustavo
	Account Domain:		THESHIRE
	Logon ID:		0x2BA622

Source Handle Information:
	Source Handle ID:	0xb30
	Source Process ID:	0x670

New Handle Information:
	Target Handle ID:	0xc34
	Target Process ID:	0x4"
,4658,,Security,,,,pgustavo,THESHIRE,0x2BA622,,,,,,"The handle to an object was closed.

Subject :
	Security ID:		S-1-5-21-1363495622-3806888128-621328882-1104
	Account Name:		pgustavo
	Account Domain:		THESHIRE
	Logon ID:		0x2BA622

Object:
	Object Server:		Security
	Handle ID:		0xc34

Process Information:
	Process ID:		0x670
	Process Name:		C:\Windows\System32\WindowsPowerShell\v1.0\powershell.exe"
,4656,,Security,,,,pgustavo,THESHIRE,0x2BA622,,,,,,"A handle to an object was requested.

Subject:
	Security ID:		S-1-5-21-1363495622-3806888128-621328882-1104
	Account Name:		pgustavo
	Account Domain:		THESHIRE
	Logon ID:		0x2BA622

Object:
	Object Server:		Security
	Object Type:		Key
	Object Name:		\REGISTRY\MACHINE\SYSTEM\ControlSet001\Control\Session Manager\Environment
	Handle ID:		0xb30
	Resource Attributes:	-

Process Information:
	Process ID:		0x670
	Process Name:		C:\Windows\System32\WindowsPowerShell\v1.0\powershell.exe

Access Request Information:
	Transaction ID:		{00000000-0000-0000-0000-000000000000}
	Accesses:		READ_CONTROL
				Query key value
				Enumerate sub-keys
				Notify about changes to keys
				
	Access Reasons:		-
	Access Mask:		0x20019
	Privileges Used for Access Check:	-
	Restricted SID Count:	0"
,4663,,Security,,,,pgustavo,THESHIRE,0x2BA622,,,,,,"An attempt was made to access an object.

Subject:
	Security ID:		S-1-5-21-1363495622-3806888128-621328882-1104
	Account Name:		pgustavo
	Account Domain:		THESHIRE
	Logon ID:		0x2BA622

Object:
	Object Server:		Security
	Object Type:		Key
	Object Name:		\REGISTRY\MACHINE\SYSTEM\ControlSet001\Control\Session Manager\Environment
	Handle ID:		0xb30
	Resource Attributes:	-

Process Information:
	Process ID:		0x670
	Process Name:		C:\Windows\System32\WindowsPowerShell\v1.0\powershell.exe

Access Request Information:
	Accesses:		Query key value
				
	Access Mask:		0x1"
,4658,,Security,,,,pgustavo,THESHIRE,0x2BA622,,,,,,"The handle to an object was closed.

Subject :
	Security ID:		S-1-5-21-1363495622-3806888128-621328882-1104
	Account Name:		pgustavo
	Account Domain:		THESHIRE
	Logon ID:		0x2BA622

Object:
	Object Server:		Security
	Handle ID:		0xb30

Process Information:
	Process ID:		0x670
	Process Name:		C:\Windows\System32\WindowsPowerShell\v1.0\powershell.exe"
,5158,,Security,,,,,,,,,,,,"The Windows Filtering Platform has permitted a bind to a local port.

Application Information:
	Process ID:		1648
	Application Name:	\device\harddiskvolume2\windows\system32\windowspowershell\v1.0\powershell.exe

Network Information:
	Source Address:		0.0.0.0
	Source Port:		65382
	Protocol:		6

Filter Information:
	Filter Run-Time ID:	0
	Layer Name:		Resource Assignment
	Layer Run-Time ID:	36"
,5156,,Security,,,,,,,,,,,,"The Windows Filtering Platform has permitted a connection.

Application Information:
	Process ID:		1648
	Application Name:	\device\harddiskvolume2\windows\system32\windowspowershell\v1.0\powershell.exe

Network Information:
	Direction:		Outbound
	Source Address:		172.18.39.5
	Source Port:		65382
	Destination Address:	10.10.10.5
	Destination Port:		80
	Protocol:		6

Filter Information:
	Filter Run-Time ID:	69420
	Layer Name:		Connect
	Layer Run-Time ID:	48"
,4688,,Security,,,,pgustavo,THESHIRE,0x2BA622,C:\Windows\System32\whoami.exe,"""C:\windows\system32\whoami.exe"" /user",,,,"A new process has been created.

Creator Subject:
	Security ID:		S-1-5-21-1363495622-3806888128-621328882-1104
	Account Name:		pgustavo
	Account Domain:		THESHIRE
	Logon ID:		0x2BA622

Target Subject:
	Security ID:		S-1-0-0
	Account Name:		-
	Account Domain:		-
	Logon ID:		0x0

Process Information:
	New Process ID:		0x1968
	New Process Name:	C:\Windows\System32\whoami.exe
	Token Elevation Type:	%%1937
	Mandatory Label:		S-1-16-12288
	Creator Process ID:	0x670
	Creator Process Name:	C:\Windows\System32\WindowsPowerShell\v1.0\powershell.exe
	Process Command Line:	""C:\windows\system32\whoami.exe"" /user

Token Elevation Type indicates the type of token that was assigned to the new process in accordance with User Account Control policy.

Type 1 is a full token with no privileges removed or groups disabled.  A full token is only used if User Account Control is disabled or if the user is the built-in Administrator account or a service account.

Type 2 is an elevated token with no privileges removed or groups disabled.  An elevated token is used when User Account Control is enabled and the user chooses to start the program using Run as administrator.  An elevated token is also used when an application is configured to always require administrative privilege or to always require maximum privilege, and the user is a member of the Administrators group.

Type 3 is a limited token with administrative privileges removed and administrative groups disabled.  The limited token is used when User Account Control is enabled, the application does not require administrative privilege, and the user does not choose to start the program using Run as administrator."
,4689,,Security,,,,pgustavo,THESHIRE,0x2BC327,,,,,,"A process has exited.

Subject:
	Security ID:		S-1-5-21-1363495622-3806888128-621328882-1104
	Account Name:		pgustavo
	Account Domain:		THESHIRE
	Logon ID:		0x2BC327

Process Information:
	Process ID:	0x8e0
	Process Name:	C:\Windows\System32\backgroundTaskHost.exe
	Exit Status:	0x1"
,5158,,Security,,,,,,,,,,,,"The Windows Filtering Platform has permitted a bind to a local port.

Application Information:
	Process ID:		1648
	Application Name:	\device\harddiskvolume2\windows\system32\windowspowershell\v1.0\powershell.exe

Network Information:
	Source Address:		0.0.0.0
	Source Port:		65419
	Protocol:		6

Filter Information:
	Filter Run-Time ID:	0
	Layer Name:		Resource Assignment
	Layer Run-Time ID:	36"
,5158,,Security,,,,,,,,,,,,"The Windows Filtering Platform has permitted a bind to a local port.

Application Information:
	Process ID:		1648
	Application Name:	\device\harddiskvolume2\windows\system32\windowspowershell\v1.0\powershell.exe

Network Information:
	Source Address:		0.0.0.0
	Source Port:		65387
	Protocol:		6

Filter Information:
	Filter Run-Time ID:	0
	Layer Name:		Resource Assignment
	Layer Run-Time ID:	36"
,5158,,Security,,,,,,,,,,,,"The Windows Filtering Platform has permitted a bind to a local port.

Application Information:
	Process ID:		1648
	Application Name:	\device\harddiskvolume2\windows\system32\windowspowershell\v1.0\powershell.exe

Network Information:
	Source Address:		0.0.0.0
	Source Port:		65388
	Protocol:		6

Filter Information:
	Filter Run-Time ID:	0
	Layer Name:		Resource Assignment
	Layer Run-Time ID:	36"
,5158,,Security,,,,,,,,,,,,"The Windows Filtering Platform has permitted a bind to a local port.

Application Information:
	Process ID:		704
	Application Name:	\device\harddiskvolume2\windows\system32\lsass.exe

Network Information:
	Source Address:		0.0.0.0
	Source Port:		61288
	Protocol:		17

Filter Information:
	Filter Run-Time ID:	0
	Layer Name:		Resource Assignment
	Layer Run-Time ID:	36"
,5156,,Security,,,,,,,,,,,,"The Windows Filtering Platform has permitted a connection.

Application Information:
	Process ID:		704
	Application Name:	\device\harddiskvolume2\windows\system32\lsass.exe

Network Information:
	Direction:		Outbound
	Source Address:		172.18.38.5
	Source Port:		61288
	Destination Address:	172.18.38.5
	Destination Port:		53
	Protocol:		17

Filter Information:
	Filter Run-Time ID:	65854
	Layer Name:		Connect
	Layer Run-Time ID:	48"
,5156,,Security,,,,,,,,,,,,"The Windows Filtering Platform has permitted a connection.

Application Information:
	Process ID:		3616
	Application Name:	\device\harddiskvolume2\windows\system32\dns.exe

Network Information:
	Direction:		Inbound
	Source Address:		172.18.38.5
	Source Port:		61288
	Destination Address:	172.18.38.5
	Destination Port:		53
	Protocol:		17

Filter Information:
	Filter Run-Time ID:	65852
	Layer Name:		Receive/Accept
	Layer Run-Time ID:	44"
,5158,,Security,,,,,,,,,,,,"The Windows Filtering Platform has permitted a bind to a local port.

Application Information:
	Process ID:		704
	Application Name:	\device\harddiskvolume2\windows\system32\lsass.exe

Network Information:
	Source Address:		::
	Source Port:		60982
	Protocol:		17

Filter Information:
	Filter Run-Time ID:	0
	Layer Name:		Resource Assignment
	Layer Run-Time ID:	36"
,5158,,Security,,,,,,,,,,,,"The Windows Filtering Platform has permitted a bind to a local port.

Application Information:
	Process ID:		704
	Application Name:	\device\harddiskvolume2\windows\system32\lsass.exe

Network Information:
	Source Address:		::
	Source Port:		60982
	Protocol:		17

Filter Information:
	Filter Run-Time ID:	0
	Layer Name:		Resource Assignment
	Layer Run-Time ID:	38"
,5156,,Security,,,,,,,,,,,,"The Windows Filtering Platform has permitted a connection.

Application Information:
	Process ID:		704
	Application Name:	\device\harddiskvolume2\windows\system32\lsass.exe

Network Information:
	Direction:		Outbound
	Source Address:		::1
	Source Port:		60982
	Destination Address:	::1
	Destination Port:		53
	Protocol:		17

Filter Information:
	Filter Run-Time ID:	65853
	Layer Name:		Connect
	Layer Run-Time ID:	50"
,5156,,Security,,,,,,,,,,,,"The Windows Filtering Platform has permitted a connection.

Application Information:
	Process ID:		3616
	Application Name:	\device\harddiskvolume2\windows\system32\dns.exe

Network Information:
	Direction:		Inbound
	Source Address:		::1
	Source Port:		60982
	Destination Address:	::1
	Destination Port:		53
	Protocol:		17

Filter Information:
	Filter Run-Time ID:	65851
	Layer Name:		Receive/Accept
	Layer Run-Time ID:	46"
,5158,,Security,,,,,,,,,,,,"The Windows Filtering Platform has permitted a bind to a local port.

Application Information:
	Process ID:		704
	Application Name:	\device\harddiskvolume2\windows\system32\lsass.exe

Network Information:
	Source Address:		::
	Source Port:		65535
	Protocol:		17

Filter Information:
	Filter Run-Time ID:	0
	Layer Name:		Resource Assignment
	Layer Run-Time ID:	38"
,5158,,Security,,,,,,,,,,,,"The Windows Filtering Platform has permitted a bind to a local port.

Application Information:
	Process ID:		704
	Application Name:	\device\harddiskvolume2\windows\system32\lsass.exe

Network Information:
	Source Address:		0.0.0.0
	Source Port:		53608
	Protocol:		17

Filter Information:
	Filter Run-Time ID:	0
	Layer Name:		Resource Assignment
	Layer Run-Time ID:	36"
,5158,,Security,,,,,,,,,,,,"The Windows Filtering Platform has permitted a bind to a local port.

Application Information:
	Process ID:		704
	Application Name:	\device\harddiskvolume2\windows\system32\lsass.exe

Network Information:
	Source Address:		0.0.0.0
	Source Port:		51907
	Protocol:		17

Filter Information:
	Filter Run-Time ID:	0
	Layer Name:		Resource Assignment
	Layer Run-Time ID:	36"
,5156,,Security,,,,,,,,,,,,"The Windows Filtering Platform has permitted a connection.

Application Information:
	Process ID:		704
	Application Name:	\device\harddiskvolume2\windows\system32\lsass.exe

Network Information:
	Direction:		Outbound
	Source Address:		172.18.38.5
	Source Port:		60060
	Destination Address:	172.18.38.5
	Destination Port:		53
	Protocol:		17

Filter Information:
	Filter Run-Time ID:	65854
	Layer Name:		Connect
	Layer Run-Time ID:	48"
,5156,,Security,,,,,,,,,,,,"The Windows Filtering Platform has permitted a connection.

Application Information:
	Process ID:		3616
	Application Name:	\device\harddiskvolume2\windows\system32\dns.exe

Network Information:
	Direction:		Inbound
	Source Address:		172.18.38.5
	Source Port:		60060
	Destination Address:	172.18.38.5
	Destination Port:		53
	Protocol:		17

Filter Information:
	Filter Run-Time ID:	65852
	Layer Name:		Receive/Accept
	Layer Run-Time ID:	44"
,5158,,Security,,,,,,,,,,,,"The Windows Filtering Platform has permitted a bind to a local port.

Application Information:
	Process ID:		704
	Application Name:	\device\harddiskvolume2\windows\system32\lsass.exe

Network Information:
	Source Address:		::
	Source Port:		60901
	Protocol:		17

Filter Information:
	Filter Run-Time ID:	0
	Layer Name:		Resource Assignment
	Layer Run-Time ID:	36"
,5158,,Security,,,,,,,,,,,,"The Windows Filtering Platform has permitted a bind to a local port.

Application Information:
	Process ID:		704
	Application Name:	\device\harddiskvolume2\windows\system32\lsass.exe

Network Information:
	Source Address:		::
	Source Port:		60901
	Protocol:		17

Filter Information:
	Filter Run-Time ID:	0
	Layer Name:		Resource Assignment
	Layer Run-Time ID:	38"
,5156,,Security,,,,,,,,,,,,"The Windows Filtering Platform has permitted a connection.

Application Information:
	Process ID:		704
	Application Name:	\device\harddiskvolume2\windows\system32\lsass.exe

Network Information:
	Direction:		Outbound
	Source Address:		::1
	Source Port:		60901
	Destination Address:	::1
	Destination Port:		53
	Protocol:		17

Filter Information:
	Filter Run-Time ID:	65853
	Layer Name:		Connect
	Layer Run-Time ID:	50"
,5156,,Security,,,,,,,,,,,,"The Windows Filtering Platform has permitted a connection.

Application Information:
	Process ID:		3616
	Application Name:	\device\harddiskvolume2\windows\system32\dns.exe

Network Information:
	Direction:		Inbound
	Source Address:		::1
	Source Port:		60901
	Destination Address:	::1
	Destination Port:		53
	Protocol:		17

Filter Information:
	Filter Run-Time ID:	65851
	Layer Name:		Receive/Accept
	Layer Run-Time ID:	46"
,5158,,Security,,,,,,,,,,,,"The Windows Filtering Platform has permitted a bind to a local port.

Application Information:
	Process ID:		704
	Application Name:	\device\harddiskvolume2\windows\system32\lsass.exe

Network Information:
	Source Address:		::
	Source Port:		51907
	Protocol:		17

Filter Information:
	Filter Run-Time ID:	0
	Layer Name:		Resource Assignment
	Layer Run-Time ID:	38"
,5158,,Security,,,,,,,,,,,,"The Windows Filtering Platform has permitted a bind to a local port.

Application Information:
	Process ID:		704
	Application Name:	\device\harddiskvolume2\windows\system32\lsass.exe

Network Information:
	Source Address:		0.0.0.0
	Source Port:		59128
	Protocol:		17

Filter Information:
	Filter Run-Time ID:	0
	Layer Name:		Resource Assignment
	Layer Run-Time ID:	36"
,5158,,Security,,,,,,,,,,,,"The Windows Filtering Platform has permitted a bind to a local port.

Application Information:
	Process ID:		704
	Application Name:	\device\harddiskvolume2\windows\system32\lsass.exe

Network Information:
	Source Address:		0.0.0.0
	Source Port:		60060
	Protocol:		17

Filter Information:
	Filter Run-Time ID:	0
	Layer Name:		Resource Assignment
	Layer Run-Time ID:	36"
,5158,,Security,,,,,,,,,,,,"The Windows Filtering Platform has permitted a bind to a local port.

Application Information:
	Process ID:		704
	Application Name:	\device\harddiskvolume2\windows\system32\lsass.exe

Network Information:
	Source Address:		0.0.0.0
	Source Port:		51907
	Protocol:		17

Filter Information:
	Filter Run-Time ID:	0
	Layer Name:		Resource Assignment
	Layer Run-Time ID:	36"
,5158,,Security,,,,,,,,,,,,"The Windows Filtering Platform has permitted a bind to a local port.

Application Information:
	Process ID:		704
	Application Name:	\device\harddiskvolume2\windows\system32\lsass.exe

Network Information:
	Source Address:		::
	Source Port:		59640
	Protocol:		17

Filter Information:
	Filter Run-Time ID:	0
	Layer Name:		Resource Assignment
	Layer Run-Time ID:	38"
,5158,,Security,,,,,,,,,,,,"The Windows Filtering Platform has permitted a bind to a local port.

Application Information:
	Process ID:		704
	Application Name:	\device\harddiskvolume2\windows\system32\lsass.exe

Network Information:
	Source Address:		::
	Source Port:		51907
	Protocol:		17

Filter Information:
	Filter Run-Time ID:	0
	Layer Name:		Resource Assignment
	Layer Run-Time ID:	38"
,5158,,Security,,,,,,,,,,,,"The Windows Filtering Platform has permitted a bind to a local port.

Application Information:
	Process ID:		704
	Application Name:	\device\harddiskvolume2\windows\system32\lsass.exe

Network Information:
	Source Address:		::
	Source Port:		55889
	Protocol:		17

Filter Information:
	Filter Run-Time ID:	0
	Layer Name:		Resource Assignment
	Layer Run-Time ID:	36"
,5158,,Security,,,,,,,,,,,,"The Windows Filtering Platform has permitted a bind to a local port.

Application Information:
	Process ID:		704
	Application Name:	\device\harddiskvolume2\windows\system32\lsass.exe

Network Information:
	Source Address:		::
	Source Port:		55889
	Protocol:		17

Filter Information:
	Filter Run-Time ID:	0
	Layer Name:		Resource Assignment
	Layer Run-Time ID:	38"
,5156,,Security,,,,,,,,,,,,"The Windows Filtering Platform has permitted a connection.

Application Information:
	Process ID:		704
	Application Name:	\device\harddiskvolume2\windows\system32\lsass.exe

Network Information:
	Direction:		Outbound
	Source Address:		::1
	Source Port:		55889
	Destination Address:	::1
	Destination Port:		53
	Protocol:		17

Filter Information:
	Filter Run-Time ID:	65853
	Layer Name:		Connect
	Layer Run-Time ID:	50"
,5156,,Security,,,,,,,,,,,,"The Windows Filtering Platform has permitted a connection.

Application Information:
	Process ID:		3616
	Application Name:	\device\harddiskvolume2\windows\system32\dns.exe

Network Information:
	Direction:		Inbound
	Source Address:		::1
	Source Port:		55889
	Destination Address:	::1
	Destination Port:		53
	Protocol:		17

Filter Information:
	Filter Run-Time ID:	65851
	Layer Name:		Receive/Accept
	Layer Run-Time ID:	46"
,5158,,Security,,,,,,,,,,,,"The Windows Filtering Platform has permitted a bind to a local port.

Application Information:
	Process ID:		704
	Application Name:	\device\harddiskvolume2\windows\system32\lsass.exe

Network Information:
	Source Address:		::
	Source Port:		51907
	Protocol:		17

Filter Information:
	Filter Run-Time ID:	0
	Layer Name:		Resource Assignment
	Layer Run-Time ID:	38"
,5158,,Security,,,,,,,,,,,,"The Windows Filtering Platform has permitted a bind to a local port.

Application Information:
	Process ID:		704
	Application Name:	\device\harddiskvolume2\windows\system32\lsass.exe

Network Information:
	Source Address:		0.0.0.0
	Source Port:		56983
	Protocol:		17

Filter Information:
	Filter Run-Time ID:	0
	Layer Name:		Resource Assignment
	Layer Run-Time ID:	36"
,5158,,Security,,,,,,,,,,,,"The Windows Filtering Platform has permitted a bind to a local port.

Application Information:
	Process ID:		1392
	Application Name:	\device\harddiskvolume2\windows\system32\svchost.exe

Network Information:
	Source Address:		::
	Source Port:		65535
	Protocol:		17

Filter Information:
	Filter Run-Time ID:	0
	Layer Name:		Resource Assignment
	Layer Run-Time ID:	36"
,5158,,Security,,,,,,,,,,,,"The Windows Filtering Platform has permitted a bind to a local port.

Application Information:
	Process ID:		1392
	Application Name:	\device\harddiskvolume2\windows\system32\svchost.exe

Network Information:
	Source Address:		::
	Source Port:		65535
	Protocol:		17

Filter Information:
	Filter Run-Time ID:	0
	Layer Name:		Resource Assignment
	Layer Run-Time ID:	38"
,5156,,Security,,,,,,,,,,,,"The Windows Filtering Platform has permitted a connection.

Application Information:
	Process ID:		704
	Application Name:	\device\harddiskvolume2\windows\system32\lsass.exe

Network Information:
	Direction:		Outbound
	Source Address:		::1
	Source Port:		51907
	Destination Address:	::1
	Destination Port:		53
	Protocol:		17

Filter Information:
	Filter Run-Time ID:	65853
	Layer Name:		Connect
	Layer Run-Time ID:	50"
,5156,,Security,,,,,,,,,,,,"The Windows Filtering Platform has permitted a connection.

Application Information:
	Process ID:		1392
	Application Name:	\device\harddiskvolume2\windows\system32\svchost.exe

Network Information:
	Direction:		Outbound
	Source Address:		::1
	Source Port:		65535
	Destination Address:	::1
	Destination Port:		53
	Protocol:		17

Filter Information:
	Filter Run-Time ID:	65853
	Layer Name:		Connect
	Layer Run-Time ID:	50"
,5158,,Security,,,,,,,,,,,,"The Windows Filtering Platform has permitted a bind to a local port.

Application Information:
	Process ID:		704
	Application Name:	\device\harddiskvolume2\windows\system32\lsass.exe

Network Information:
	Source Address:		::
	Source Port:		51907
	Protocol:		17

Filter Information:
	Filter Run-Time ID:	0
	Layer Name:		Resource Assignment
	Layer Run-Time ID:	38"
,5156,,Security,,,,,,,,,,,,"The Windows Filtering Platform has permitted a connection.

Application Information:
	Process ID:		704
	Application Name:	\device\harddiskvolume2\windows\system32\lsass.exe

Network Information:
	Direction:		Outbound
	Source Address:		::1
	Source Port:		51907
	Destination Address:	::1
	Destination Port:		53
	Protocol:		17

Filter Information:
	Filter Run-Time ID:	65853
	Layer Name:		Connect
	Layer Run-Time ID:	50"
,5158,,Security,,,,,,,,,,,,"The Windows Filtering Platform has permitted a bind to a local port.

Application Information:
	Process ID:		704
	Application Name:	\device\harddiskvolume2\windows\system32\lsass.exe

Network Information:
	Source Address:		::
	Source Port:		55277
	Protocol:		17

Filter Information:
	Filter Run-Time ID:	0
	Layer Name:		Resource Assignment
	Layer Run-Time ID:	38"
,5158,,Security,,,,,,,,,,,,"The Windows Filtering Platform has permitted a bind to a local port.

Application Information:
	Process ID:		704
	Application Name:	\device\harddiskvolume2\windows\system32\lsass.exe

Network Information:
	Source Address:		0.0.0.0
	Source Port:		51907
	Protocol:		17

Filter Information:
	Filter Run-Time ID:	0
	Layer Name:		Resource Assignment
	Layer Run-Time ID:	36"
,5158,,Security,,,,,,,,,,,,"The Windows Filtering Platform has permitted a bind to a local port.

Application Information:
	Process ID:		704
	Application Name:	\device\harddiskvolume2\windows\system32\lsass.exe

Network Information:
	Source Address:		0.0.0.0
	Source Port:		65535
	Protocol:		17

Filter Information:
	Filter Run-Time ID:	0
	Layer Name:		Resource Assignment
	Layer Run-Time ID:	36"
,5156,,Security,,,,,,,,,,,,"The Windows Filtering Platform has permitted a connection.

Application Information:
	Process ID:		704
	Application Name:	\device\harddiskvolume2\windows\system32\lsass.exe

Network Information:
	Direction:		Outbound
	Source Address:		172.18.38.5
	Source Port:		65535
	Destination Address:	172.18.38.5
	Destination Port:		53
	Protocol:		17

Filter Information:
	Filter Run-Time ID:	65854
	Layer Name:		Connect
	Layer Run-Time ID:	48"
,5156,,Security,,,,,,,,,,,,"The Windows Filtering Platform has permitted a connection.

Application Information:
	Process ID:		3616
	Application Name:	\device\harddiskvolume2\windows\system32\dns.exe

Network Information:
	Direction:		Inbound
	Source Address:		172.18.38.5
	Source Port:		65535
	Destination Address:	172.18.38.5
	Destination Port:		53
	Protocol:		17

Filter Information:
	Filter Run-Time ID:	65852
	Layer Name:		Receive/Accept
	Layer Run-Time ID:	44"
,5158,,Security,,,,,,,,,,,,"The Windows Filtering Platform has permitted a bind to a local port.

Application Information:
	Process ID:		704
	Application Name:	\device\harddiskvolume2\windows\system32\lsass.exe

Network Information:
	Source Address:		::
	Source Port:		51907
	Protocol:		17

Filter Information:
	Filter Run-Time ID:	0
	Layer Name:		Resource Assignment
	Layer Run-Time ID:	36"
,5158,,Security,,,,,,,,,,,,"The Windows Filtering Platform has permitted a bind to a local port.

Application Information:
	Process ID:		704
	Application Name:	\device\harddiskvolume2\windows\system32\lsass.exe

Network Information:
	Source Address:		::
	Source Port:		51907
	Protocol:		17

Filter Information:
	Filter Run-Time ID:	0
	Layer Name:		Resource Assignment
	Layer Run-Time ID:	36"
,5156,,Security,,,,,,,,,,,,"The Windows Filtering Platform has permitted a connection.

Application Information:
	Process ID:		3616
	Application Name:	\device\harddiskvolume2\windows\system32\dns.exe

Network Information:
	Direction:		Inbound
	Source Address:		172.18.38.5
	Source Port:		53220
	Destination Address:	172.18.38.5
	Destination Port:		53
	Protocol:		17

Filter Information:
	Filter Run-Time ID:	65852
	Layer Name:		Receive/Accept
	Layer Run-Time ID:	44"
,5156,,Security,,,,,,,,,,,,"The Windows Filtering Platform has permitted a connection.

Application Information:
	Process ID:		704
	Application Name:	\device\harddiskvolume2\windows\system32\lsass.exe

Network Information:
	Direction:		Outbound
	Source Address:		172.18.38.5
	Source Port:		51907
	Destination Address:	172.18.38.5
	Destination Port:		53
	Protocol:		17

Filter Information:
	Filter Run-Time ID:	65854
	Layer Name:		Connect
	Layer Run-Time ID:	48"
,5158,,Security,,,,,,,,,,,,"The Windows Filtering Platform has permitted a bind to a local port.

Application Information:
	Process ID:		704
	Application Name:	\device\harddiskvolume2\windows\system32\lsass.exe

Network Information:
	Source Address:		::
	Source Port:		62080
	Protocol:		17

Filter Information:
	Filter Run-Time ID:	0
	Layer Name:		Resource Assignment
	Layer Run-Time ID:	38"
,5156,,Security,,,,,,,,,,,,"The Windows Filtering Platform has permitted a connection.

Application Information:
	Process ID:		704
	Application Name:	\device\harddiskvolume2\windows\system32\lsass.exe

Network Information:
	Direction:		Outbound
	Source Address:		172.18.38.5
	Source Port:		57628
	Destination Address:	172.18.38.5
	Destination Port:		53
	Protocol:		17

Filter Information:
	Filter Run-Time ID:	65854
	Layer Name:		Connect
	Layer Run-Time ID:	48"
,5156,,Security,,,,,,,,,,,,"The Windows Filtering Platform has permitted a connection.

Application Information:
	Process ID:		3616
	Application Name:	\device\harddiskvolume2\windows\system32\dns.exe

Network Information:
	Direction:		Inbound
	Source Address:		172.18.38.5
	Source Port:		57628
	Destination Address:	172.18.38.5
	Destination Port:		53
	Protocol:		17

Filter Information:
	Filter Run-Time ID:	65852
	Layer Name:		Receive/Accept
	Layer Run-Time ID:	44"
,5158,,Security,,,,,,,,,,,,"The Windows Filtering Platform has permitted a bind to a local port.

Application Information:
	Process ID:		704
	Application Name:	\device\harddiskvolume2\windows\system32\lsass.exe

Network Information:
	Source Address:		::
	Source Port:		55492
	Protocol:		17

Filter Information:
	Filter Run-Time ID:	0
	Layer Name:		Resource Assignment
	Layer Run-Time ID:	36"
,5158,,Security,,,,,,,,,,,,"The Windows Filtering Platform has permitted a bind to a local port.

Application Information:
	Process ID:		704
	Application Name:	\device\harddiskvolume2\windows\system32\lsass.exe

Network Information:
	Source Address:		::
	Source Port:		55492
	Protocol:		17

Filter Information:
	Filter Run-Time ID:	0
	Layer Name:		Resource Assignment
	Layer Run-Time ID:	38"
,5156,,Security,,,,,,,,,,,,"The Windows Filtering Platform has permitted a connection.

Application Information:
	Process ID:		704
	Application Name:	\device\harddiskvolume2\windows\system32\lsass.exe

Network Information:
	Direction:		Outbound
	Source Address:		::1
	Source Port:		55492
	Destination Address:	::1
	Destination Port:		53
	Protocol:		17

Filter Information:
	Filter Run-Time ID:	65853
	Layer Name:		Connect
	Layer Run-Time ID:	50"
,5156,,Security,,,,,,,,,,,,"The Windows Filtering Platform has permitted a connection.

Application Information:
	Process ID:		3616
	Application Name:	\device\harddiskvolume2\windows\system32\dns.exe

Network Information:
	Direction:		Inbound
	Source Address:		::1
	Source Port:		55492
	Destination Address:	::1
	Destination Port:		53
	Protocol:		17

Filter Information:
	Filter Run-Time ID:	65851
	Layer Name:		Receive/Accept
	Layer Run-Time ID:	46"
,5158,,Security,,,,,,,,,,,,"The Windows Filtering Platform has permitted a bind to a local port.

Application Information:
	Process ID:		704
	Application Name:	\device\harddiskvolume2\windows\system32\lsass.exe

Network Information:
	Source Address:		::
	Source Port:		55004
	Protocol:		17

Filter Information:
	Filter Run-Time ID:	0
	Layer Name:		Resource Assignment
	Layer Run-Time ID:	38"
,5158,,Security,,,,,,,,,,,,"The Windows Filtering Platform has permitted a bind to a local port.

Application Information:
	Process ID:		704
	Application Name:	\device\harddiskvolume2\windows\system32\lsass.exe

Network Information:
	Source Address:		0.0.0.0
	Source Port:		51907
	Protocol:		17

Filter Information:
	Filter Run-Time ID:	0
	Layer Name:		Resource Assignment
	Layer Run-Time ID:	36"
,5158,,Security,,,,,,,,,,,,"The Windows Filtering Platform has permitted a bind to a local port.

Application Information:
	Process ID:		704
	Application Name:	\device\harddiskvolume2\windows\system32\lsass.exe

Network Information:
	Source Address:		0.0.0.0
	Source Port:		57628
	Protocol:		17

Filter Information:
	Filter Run-Time ID:	0
	Layer Name:		Resource Assignment
	Layer Run-Time ID:	36"
,5158,,Security,,,,,,,,,,,,"The Windows Filtering Platform has permitted a bind to a local port.

Application Information:
	Process ID:		704
	Application Name:	\device\harddiskvolume2\windows\system32\lsass.exe

Network Information:
	Source Address:		0.0.0.0
	Source Port:		51907
	Protocol:		17

Filter Information:
	Filter Run-Time ID:	0
	Layer Name:		Resource Assignment
	Layer Run-Time ID:	36"
,5158,,Security,,,,,,,,,,,,"The Windows Filtering Platform has permitted a bind to a local port.

Application Information:
	Process ID:		704
	Application Name:	\device\harddiskvolume2\windows\system32\lsass.exe

Network Information:
	Source Address:		::
	Source Port:		65535
	Protocol:		17

Filter Information:
	Filter Run-Time ID:	0
	Layer Name:		Resource Assignment
	Layer Run-Time ID:	36"
,5158,,Security,,,,,,,,,,,,"The Windows Filtering Platform has permitted a bind to a local port.

Application Information:
	Process ID:		704
	Application Name:	\device\harddiskvolume2\windows\system32\lsass.exe

Network Information:
	Source Address:		::
	Source Port:		65535
	Protocol:		17

Filter Information:
	Filter Run-Time ID:	0
	Layer Name:		Resource Assignment
	Layer Run-Time ID:	38"
,5156,,Security,,,,,,,,,,,,"The Windows Filtering Platform has permitted a connection.

Application Information:
	Process ID:		704
	Application Name:	\device\harddiskvolume2\windows\system32\lsass.exe

Network Information:
	Direction:		Outbound
	Source Address:		::1
	Source Port:		65535
	Destination Address:	::1
	Destination Port:		53
	Protocol:		17

Filter Information:
	Filter Run-Time ID:	65853
	Layer Name:		Connect
	Layer Run-Time ID:	50"
,5158,,Security,,,,,,,,,,,,"The Windows Filtering Platform has permitted a bind to a local port.

Application Information:
	Process ID:		704
	Application Name:	\device\harddiskvolume2\windows\system32\lsass.exe

Network Information:
	Source Address:		::
	Source Port:		65535
	Protocol:		17

Filter Information:
	Filter Run-Time ID:	0
	Layer Name:		Resource Assignment
	Layer Run-Time ID:	38"
,5158,,Security,,,,,,,,,,,,"The Windows Filtering Platform has permitted a bind to a local port.

Application Information:
	Process ID:		704
	Application Name:	\device\harddiskvolume2\windows\system32\lsass.exe

Network Information:
	Source Address:		0.0.0.0
	Source Port:		61547
	Protocol:		17

Filter Information:
	Filter Run-Time ID:	0
	Layer Name:		Resource Assignment
	Layer Run-Time ID:	36"
,5158,,Security,,,,,,,,,,,,"The Windows Filtering Platform has permitted a bind to a local port.

Application Information:
	Process ID:		704
	Application Name:	\device\harddiskvolume2\windows\system32\lsass.exe

Network Information:
	Source Address:		0.0.0.0
	Source Port:		65535
	Protocol:		17

Filter Information:
	Filter Run-Time ID:	0
	Layer Name:		Resource Assignment
	Layer Run-Time ID:	36"
,5156,,Security,,,,,,,,,,,,"The Windows Filtering Platform has permitted a connection.

Application Information:
	Process ID:		704
	Application Name:	\device\harddiskvolume2\windows\system32\lsass.exe

Network Information:
	Direction:		Outbound
	Source Address:		172.18.38.5
	Source Port:		65535
	Destination Address:	172.18.38.5
	Destination Port:		53
	Protocol:		17

Filter Information:
	Filter Run-Time ID:	65854
	Layer Name:		Connect
	Layer Run-Time ID:	48"
,5158,,Security,,,,,,,,,,,,"The Windows Filtering Platform has permitted a bind to a local port.

Application Information:
	Process ID:		704
	Application Name:	\device\harddiskvolume2\windows\system32\lsass.exe

Network Information:
	Source Address:		::
	Source Port:		51907
	Protocol:		17

Filter Information:
	Filter Run-Time ID:	0
	Layer Name:		Resource Assignment
	Layer Run-Time ID:	36"
,5156,,Security,,,,,,,,,,,,"The Windows Filtering Platform has permitted a connection.

Application Information:
	Process ID:		704
	Application Name:	\device\harddiskvolume2\windows\system32\lsass.exe

Network Information:
	Direction:		Outbound
	Source Address:		172.18.38.5
	Source Port:		51907
	Destination Address:	172.18.38.5
	Destination Port:		53
	Protocol:		17

Filter Information:
	Filter Run-Time ID:	65854
	Layer Name:		Connect
	Layer Run-Time ID:	48"
,5158,,Security,,,,,,,,,,,,"The Windows Filtering Platform has permitted a bind to a local port.

Application Information:
	Process ID:		704
	Application Name:	\device\harddiskvolume2\windows\system32\lsass.exe

Network Information:
	Source Address:		::
	Source Port:		62080
	Protocol:		17

Filter Information:
	Filter Run-Time ID:	0
	Layer Name:		Resource Assignment
	Layer Run-Time ID:	36"
,5158,,Security,,,,,,,,,,,,"The Windows Filtering Platform has permitted a bind to a local port.

Application Information:
	Process ID:		704
	Application Name:	\device\harddiskvolume2\windows\system32\lsass.exe

Network Information:
	Source Address:		0.0.0.0
	Source Port:		56013
	Protocol:		17

Filter Information:
	Filter Run-Time ID:	0
	Layer Name:		Resource Assignment
	Layer Run-Time ID:	36"
,5156,,Security,,,,,,,,,,,,"The Windows Filtering Platform has permitted a connection.

Application Information:
	Process ID:		3616
	Application Name:	\device\harddiskvolume2\windows\system32\dns.exe

Network Information:
	Direction:		Inbound
	Source Address:		::1
	Source Port:		62356
	Destination Address:	::1
	Destination Port:		53
	Protocol:		17

Filter Information:
	Filter Run-Time ID:	65851
	Layer Name:		Receive/Accept
	Layer Run-Time ID:	46"
,5156,,Security,,,,,,,,,,,,"The Windows Filtering Platform has permitted a connection.

Application Information:
	Process ID:		704
	Application Name:	\device\harddiskvolume2\windows\system32\lsass.exe

Network Information:
	Direction:		Outbound
	Source Address:		::1
	Source Port:		62080
	Destination Address:	::1
	Destination Port:		53
	Protocol:		17

Filter Information:
	Filter Run-Time ID:	65853
	Layer Name:		Connect
	Layer Run-Time ID:	50"
,5156,,Security,,,,,,,,,,,,"The Windows Filtering Platform has permitted a connection.

Application Information:
	Process ID:		3616
	Application Name:	\device\harddiskvolume2\windows\system32\dns.exe

Network Information:
	Direction:		Inbound
	Source Address:		::1
	Source Port:		62080
	Destination Address:	::1
	Destination Port:		53
	Protocol:		17

Filter Information:
	Filter Run-Time ID:	65851
	Layer Name:		Receive/Accept
	Layer Run-Time ID:	46"
,5158,,Security,,,,,,,,,,,,"The Windows Filtering Platform has permitted a bind to a local port.

Application Information:
	Process ID:		704
	Application Name:	\device\harddiskvolume2\windows\system32\lsass.exe

Network Information:
	Source Address:		::
	Source Port:		65535
	Protocol:		17

Filter Information:
	Filter Run-Time ID:	0
	Layer Name:		Resource Assignment
	Layer Run-Time ID:	38"
,5158,,Security,,,,,,,,,,,,"The Windows Filtering Platform has permitted a bind to a local port.

Application Information:
	Process ID:		704
	Application Name:	\device\harddiskvolume2\windows\system32\lsass.exe

Network Information:
	Source Address:		0.0.0.0
	Source Port:		61400
	Protocol:		17

Filter Information:
	Filter Run-Time ID:	0
	Layer Name:		Resource Assignment
	Layer Run-Time ID:	36"
,5158,,Security,,,,,,,,,,,,"The Windows Filtering Platform has permitted a bind to a local port.

Application Information:
	Process ID:		704
	Application Name:	\device\harddiskvolume2\windows\system32\lsass.exe

Network Information:
	Source Address:		0.0.0.0
	Source Port:		55935
	Protocol:		17

Filter Information:
	Filter Run-Time ID:	0
	Layer Name:		Resource Assignment
	Layer Run-Time ID:	36"
,5156,,Security,,,,,,,,,,,,"The Windows Filtering Platform has permitted a connection.

Application Information:
	Process ID:		704
	Application Name:	\device\harddiskvolume2\windows\system32\lsass.exe

Network Information:
	Direction:		Outbound
	Source Address:		172.18.38.5
	Source Port:		55935
	Destination Address:	172.18.38.5
	Destination Port:		53
	Protocol:		17

Filter Information:
	Filter Run-Time ID:	65854
	Layer Name:		Connect
	Layer Run-Time ID:	48"
,5156,,Security,,,,,,,,,,,,"The Windows Filtering Platform has permitted a connection.

Application Information:
	Process ID:		3616
	Application Name:	\device\harddiskvolume2\windows\system32\dns.exe

Network Information:
	Direction:		Inbound
	Source Address:		172.18.38.5
	Source Port:		55935
	Destination Address:	172.18.38.5
	Destination Port:		53
	Protocol:		17

Filter Information:
	Filter Run-Time ID:	65852
	Layer Name:		Receive/Accept
	Layer Run-Time ID:	44"
,5158,,Security,,,,,,,,,,,,"The Windows Filtering Platform has permitted a bind to a local port.

Application Information:
	Process ID:		704
	Application Name:	\device\harddiskvolume2\windows\system32\lsass.exe

Network Information:
	Source Address:		::
	Source Port:		51907
	Protocol:		17

Filter Information:
	Filter Run-Time ID:	0
	Layer Name:		Resource Assignment
	Layer Run-Time ID:	36"
,5158,,Security,,,,,,,,,,,,"The Windows Filtering Platform has permitted a bind to a local port.

Application Information:
	Process ID:		704
	Application Name:	\device\harddiskvolume2\windows\system32\lsass.exe

Network Information:
	Source Address:		::
	Source Port:		58371
	Protocol:		17

Filter Information:
	Filter Run-Time ID:	0
	Layer Name:		Resource Assignment
	Layer Run-Time ID:	38"
,5158,,Security,,,,,,,,,,,,"The Windows Filtering Platform has permitted a bind to a local port.

Application Information:
	Process ID:		704
	Application Name:	\device\harddiskvolume2\windows\system32\lsass.exe

Network Information:
	Source Address:		::
	Source Port:		51907
	Protocol:		17

Filter Information:
	Filter Run-Time ID:	0
	Layer Name:		Resource Assignment
	Layer Run-Time ID:	38"
,5158,,Security,,,,,,,,,,,,"The Windows Filtering Platform has permitted a bind to a local port.

Application Information:
	Process ID:		704
	Application Name:	\device\harddiskvolume2\windows\system32\lsass.exe

Network Information:
	Source Address:		::
	Source Port:		51907
	Protocol:		17

Filter Information:
	Filter Run-Time ID:	0
	Layer Name:		Resource Assignment
	Layer Run-Time ID:	38"
,5158,,Security,,,,,,,,,,,,"The Windows Filtering Platform has permitted a bind to a local port.

Application Information:
	Process ID:		704
	Application Name:	\device\harddiskvolume2\windows\system32\lsass.exe

Network Information:
	Source Address:		0.0.0.0
	Source Port:		58056
	Protocol:		17

Filter Information:
	Filter Run-Time ID:	0
	Layer Name:		Resource Assignment
	Layer Run-Time ID:	36"
,5158,,Security,,,,,,,,,,,,"The Windows Filtering Platform has permitted a bind to a local port.

Application Information:
	Process ID:		704
	Application Name:	\device\harddiskvolume2\windows\system32\lsass.exe

Network Information:
	Source Address:		0.0.0.0
	Source Port:		55948
	Protocol:		17

Filter Information:
	Filter Run-Time ID:	0
	Layer Name:		Resource Assignment
	Layer Run-Time ID:	36"
,5156,,Security,,,,,,,,,,,,"The Windows Filtering Platform has permitted a connection.

Application Information:
	Process ID:		704
	Application Name:	\device\harddiskvolume2\windows\system32\lsass.exe

Network Information:
	Direction:		Outbound
	Source Address:		172.18.38.5
	Source Port:		55948
	Destination Address:	172.18.38.5
	Destination Port:		53
	Protocol:		17

Filter Information:
	Filter Run-Time ID:	65854
	Layer Name:		Connect
	Layer Run-Time ID:	48"
,5156,,Security,,,,,,,,,,,,"The Windows Filtering Platform has permitted a connection.

Application Information:
	Process ID:		3616
	Application Name:	\device\harddiskvolume2\windows\system32\dns.exe

Network Information:
	Direction:		Inbound
	Source Address:		172.18.38.5
	Source Port:		55948
	Destination Address:	172.18.38.5
	Destination Port:		53
	Protocol:		17

Filter Information:
	Filter Run-Time ID:	65852
	Layer Name:		Receive/Accept
	Layer Run-Time ID:	44"
,5158,,Security,,,,,,,,,,,,"The Windows Filtering Platform has permitted a bind to a local port.

Application Information:
	Process ID:		704
	Application Name:	\device\harddiskvolume2\windows\system32\lsass.exe

Network Information:
	Source Address:		::
	Source Port:		62356
	Protocol:		17

Filter Information:
	Filter Run-Time ID:	0
	Layer Name:		Resource Assignment
	Layer Run-Time ID:	36"
,5158,,Security,,,,,,,,,,,,"The Windows Filtering Platform has permitted a bind to a local port.

Application Information:
	Process ID:		704
	Application Name:	\device\harddiskvolume2\windows\system32\lsass.exe

Network Information:
	Source Address:		::
	Source Port:		62356
	Protocol:		17

Filter Information:
	Filter Run-Time ID:	0
	Layer Name:		Resource Assignment
	Layer Run-Time ID:	38"
,5156,,Security,,,,,,,,,,,,"The Windows Filtering Platform has permitted a connection.

Application Information:
	Process ID:		704
	Application Name:	\device\harddiskvolume2\windows\system32\lsass.exe

Network Information:
	Direction:		Outbound
	Source Address:		::1
	Source Port:		62356
	Destination Address:	::1
	Destination Port:		53
	Protocol:		17

Filter Information:
	Filter Run-Time ID:	65853
	Layer Name:		Connect
	Layer Run-Time ID:	50"
,5156,,Security,,,,,,,,,,,,"The Windows Filtering Platform has permitted a connection.

Application Information:
	Process ID:		704
	Application Name:	\device\harddiskvolume2\windows\system32\lsass.exe

Network Information:
	Direction:		Outbound
	Source Address:		::1
	Source Port:		51907
	Destination Address:	::1
	Destination Port:		53
	Protocol:		17

Filter Information:
	Filter Run-Time ID:	65853
	Layer Name:		Connect
	Layer Run-Time ID:	50"
,5156,,Security,,,,,,,,,,,,"The Windows Filtering Platform has permitted a connection.

Application Information:
	Process ID:		1648
	Application Name:	\device\harddiskvolume2\windows\system32\windowspowershell\v1.0\powershell.exe

Network Information:
	Direction:		Outbound
	Source Address:		172.18.39.5
	Source Port:		65387
	Destination Address:	10.10.10.5
	Destination Port:		80
	Protocol:		6

Filter Information:
	Filter Run-Time ID:	69420
	Layer Name:		Connect
	Layer Run-Time ID:	48"
,5156,,Security,,,,,,,,,,,,"The Windows Filtering Platform has permitted a connection.

Application Information:
	Process ID:		704
	Application Name:	\device\harddiskvolume2\windows\system32\lsass.exe

Network Information:
	Direction:		Outbound
	Source Address:		172.18.38.5
	Source Port:		53220
	Destination Address:	172.18.38.5
	Destination Port:		53
	Protocol:		17

Filter Information:
	Filter Run-Time ID:	65854
	Layer Name:		Connect
	Layer Run-Time ID:	48"
,5158,,Security,,,,,,,,,,,,"The Windows Filtering Platform has permitted a bind to a local port.

Application Information:
	Process ID:		704
	Application Name:	\device\harddiskvolume2\windows\system32\lsass.exe

Network Information:
	Source Address:		0.0.0.0
	Source Port:		51907
	Protocol:		17

Filter Information:
	Filter Run-Time ID:	0
	Layer Name:		Resource Assignment
	Layer Run-Time ID:	36"
,5158,,Security,,,,,,,,,,,,"The Windows Filtering Platform has permitted a bind to a local port.

Application Information:
	Process ID:		704
	Application Name:	\device\harddiskvolume2\windows\system32\lsass.exe

Network Information:
	Source Address:		::
	Source Port:		54216
	Protocol:		6

Filter Information:
	Filter Run-Time ID:	0
	Layer Name:		Resource Assignment
	Layer Run-Time ID:	38"
,5156,,Security,,,,,,,,,,,,"The Windows Filtering Platform has permitted a connection.

Application Information:
	Process ID:		704
	Application Name:	\device\harddiskvolume2\windows\system32\lsass.exe

Network Information:
	Direction:		Outbound
	Source Address:		fe80::3816:b2ee:1b9b:324b
	Source Port:		54216
	Destination Address:	fe80::3816:b2ee:1b9b:324b
	Destination Port:		135
	Protocol:		6

Filter Information:
	Filter Run-Time ID:	65853
	Layer Name:		Connect
	Layer Run-Time ID:	50"
,5156,,Security,,,,,,,,,,,,"The Windows Filtering Platform has permitted a connection.

Application Information:
	Process ID:		976
	Application Name:	\device\harddiskvolume2\windows\system32\svchost.exe

Network Information:
	Direction:		Inbound
	Source Address:		fe80::3816:b2ee:1b9b:324b
	Source Port:		54216
	Destination Address:	fe80::3816:b2ee:1b9b:324b
	Destination Port:		135
	Protocol:		6

Filter Information:
	Filter Run-Time ID:	65851
	Layer Name:		Receive/Accept
	Layer Run-Time ID:	46"
,5158,,Security,,,,,,,,,,,,"The Windows Filtering Platform has permitted a bind to a local port.

Application Information:
	Process ID:		704
	Application Name:	\device\harddiskvolume2\windows\system32\lsass.exe

Network Information:
	Source Address:		::
	Source Port:		54217
	Protocol:		6

Filter Information:
	Filter Run-Time ID:	0
	Layer Name:		Resource Assignment
	Layer Run-Time ID:	38"
,5156,,Security,,,,,,,,,,,,"The Windows Filtering Platform has permitted a connection.

Application Information:
	Process ID:		704
	Application Name:	\device\harddiskvolume2\windows\system32\lsass.exe

Network Information:
	Direction:		Outbound
	Source Address:		fe80::3816:b2ee:1b9b:324b
	Source Port:		54217
	Destination Address:	fe80::3816:b2ee:1b9b:324b
	Destination Port:		49674
	Protocol:		6

Filter Information:
	Filter Run-Time ID:	65853
	Layer Name:		Connect
	Layer Run-Time ID:	50"
,5156,,Security,,,,,,,,,,,,"The Windows Filtering Platform has permitted a connection.

Application Information:
	Process ID:		704
	Application Name:	\device\harddiskvolume2\windows\system32\lsass.exe

Network Information:
	Direction:		Inbound
	Source Address:		fe80::3816:b2ee:1b9b:324b
	Source Port:		54217
	Destination Address:	fe80::3816:b2ee:1b9b:324b
	Destination Port:		49674
	Protocol:		6

Filter Information:
	Filter Run-Time ID:	65851
	Layer Name:		Receive/Accept
	Layer Run-Time ID:	46"
,4672,,Security,,,,MORDORDC$,THESHIRE,0x2B6DB78,,,"SeSecurityPrivilege, SeBackupPrivilege, SeRestorePrivilege, SeTakeOwnershipPrivilege, SeDebugPrivilege, SeSystemEnvironmentPrivilege, SeLoadDriverPrivilege, SeImpersonatePrivilege, SeDelegateSessionUserImpersonatePrivilege, SeEnableDelegationPrivilege",,,"Special privileges assigned to new logon.

Subject:
	Security ID:		S-1-5-18
	Account Name:		MORDORDC$
	Account Domain:		THESHIRE
	Logon ID:		0x2B6DB78

Privileges:		SeSecurityPrivilege
			SeBackupPrivilege
			SeRestorePrivilege
			SeTakeOwnershipPrivilege
			SeDebugPrivilege
			SeSystemEnvironmentPrivilege
			SeLoadDriverPrivilege
			SeImpersonatePrivilege
			SeDelegateSessionUserImpersonatePrivilege
			SeEnableDelegationPrivilege"
,4624,,Security,,,,-,-,0x0,,,,3,-,"An account was successfully logged on.

Subject:
	Security ID:		S-1-0-0
	Account Name:		-
	Account Domain:		-
	Logon ID:		0x0

Logon Information:
	Logon Type:		3
	Restricted Admin Mode:	-
	Virtual Account:		No
	Elevated Token:		Yes

Impersonation Level:		Impersonation

New Logon:
	Security ID:		S-1-5-18
	Account Name:		MORDORDC$
	Account Domain:		THESHIRE.LOCAL
	Logon ID:		0x2B6DB78
	Linked Logon ID:		0x0
	Network Account Name:	-
	Network Account Domain:	-
	Logon GUID:		{96783d36-ef66-5775-9361-34e704c2d234}

Process Information:
	Process ID:		0x0
	Process Name:		-

Network Information:
	Workstation Name:	-
	Source Network Address:	fe80::3816:b2ee:1b9b:324b
	Source Port:		54217

Detailed Authentication Information:
	Logon Process:		Kerberos
	Authentication Package:	Kerberos
	Transited Services:	-
	Package Name (NTLM only):	-
	Key Length:		0

This event is generated when a logon session is created. It is generated on the computer that was accessed.

The subject fields indicate the account on the local system which requested the logon. This is most commonly a service such as the Server service, or a local process such as Winlogon.exe or Services.exe.

The logon type field indicates the kind of logon that occurred. The most common types are 2 (interactive) and 3 (network).

The New Logon fields indicate the account for whom the new logon was created, i.e. the account that was logged on.

The network fields indicate where a remote logon request originated. Workstation name is not always available and may be left blank in some cases.

The impersonation level field indicates the extent to which a process in the logon session can impersonate.

The authentication information fields provide detailed information about this specific logon request.
	- Logon GUID is a unique identifier that can be used to correlate this event with a KDC event.
	- Transited services indicate which intermediate services have participated in this logon request.
	- Package name indicates which sub-protocol was used among the NTLM protocols.
	- Key length indicates the length of the generated session key. This will be 0 if no session key was requested."
,5156,,Security,,,,,,,,,,,,"The Windows Filtering Platform has permitted a connection.

Application Information:
	Process ID:		1648
	Application Name:	\device\harddiskvolume2\windows\system32\windowspowershell\v1.0\powershell.exe

Network Information:
	Direction:		Outbound
	Source Address:		172.18.39.5
	Source Port:		65392
	Destination Address:	10.10.10.5
	Destination Port:		80
	Protocol:		6

Filter Information:
	Filter Run-Time ID:	69420
	Layer Name:		Connect
	Layer Run-Time ID:	48"
,4627,,Security,,,,-,-,0x0,,,,,,"Group membership information.

Subject:
	Security ID:		S-1-0-0
	Account Name:		-
	Account Domain:		-
	Logon ID:		0x0

Logon Type:			3

New Logon:
	Security ID:		S-1-5-18
	Account Name:		MORDORDC$
	Account Domain:		THESHIRE.LOCAL
	Logon ID:		0x2B6DB78

Event in sequence:		1 of 1

Group Membership:			
		%{S-1-5-32-544}
		%{S-1-1-0}
		%{S-1-5-32-554}
		%{S-1-5-32-545}
		%{S-1-5-32-555}
		%{S-1-5-32-560}
		%{S-1-5-2}
		%{S-1-5-11}
		%{S-1-5-15}
		%{S-1-5-21-1363495622-3806888128-621328882-1000}
		%{S-1-5-21-1363495622-3806888128-621328882-516}
		%{S-1-5-9}
		%{S-1-18-1}
		%{S-1-5-21-1363495622-3806888128-621328882-572}
		%{S-1-16-16384}

The subject fields indicate the account on the local system which requested the logon. This is most commonly a service such as the Server service, or a local process such as Winlogon.exe or Services.exe.

The logon type field indicates the kind of logon that occurred. The most common types are 2 (interactive) and 3 (network).

The New Logon fields indicate the account for whom the new logon was created, i.e. the account that was logged on.

This event is generated when the Audit Group Membership subcategory is configured.  The Logon ID field can be used to correlate this event with the corresponding user logon event as well as to any other security audit events generated during this logon session."
,5158,,Security,,,,,,,,,,,,"The Windows Filtering Platform has permitted a bind to a local port.

Application Information:
	Process ID:		704
	Application Name:	\device\harddiskvolume2\windows\system32\lsass.exe

Network Information:
	Source Address:		::
	Source Port:		61469
	Protocol:		17

Filter Information:
	Filter Run-Time ID:	0
	Layer Name:		Resource Assignment
	Layer Run-Time ID:	38"
,5156,,Security,,,,,,,,,,,,"The Windows Filtering Platform has permitted a connection.

Application Information:
	Process ID:		704
	Application Name:	\device\harddiskvolume2\windows\system32\lsass.exe

Network Information:
	Direction:		Outbound
	Source Address:		::1
	Source Port:		61469
	Destination Address:	::1
	Destination Port:		53
	Protocol:		17

Filter Information:
	Filter Run-Time ID:	65853
	Layer Name:		Connect
	Layer Run-Time ID:	50"
,5156,,Security,,,,,,,,,,,,"The Windows Filtering Platform has permitted a connection.

Application Information:
	Process ID:		3616
	Application Name:	\device\harddiskvolume2\windows\system32\dns.exe

Network Information:
	Direction:		Inbound
	Source Address:		::1
	Source Port:		61469
	Destination Address:	::1
	Destination Port:		53
	Protocol:		17

Filter Information:
	Filter Run-Time ID:	65851
	Layer Name:		Receive/Accept
	Layer Run-Time ID:	46"
,5158,,Security,,,,,,,,,,,,"The Windows Filtering Platform has permitted a bind to a local port.

Application Information:
	Process ID:		704
	Application Name:	\device\harddiskvolume2\windows\system32\lsass.exe

Network Information:
	Source Address:		::
	Source Port:		65535
	Protocol:		17

Filter Information:
	Filter Run-Time ID:	0
	Layer Name:		Resource Assignment
	Layer Run-Time ID:	38"
,5158,,Security,,,,,,,,,,,,"The Windows Filtering Platform has permitted a bind to a local port.

Application Information:
	Process ID:		704
	Application Name:	\device\harddiskvolume2\windows\system32\lsass.exe

Network Information:
	Source Address:		0.0.0.0
	Source Port:		52873
	Protocol:		17

Filter Information:
	Filter Run-Time ID:	0
	Layer Name:		Resource Assignment
	Layer Run-Time ID:	36"
,5158,,Security,,,,,,,,,,,,"The Windows Filtering Platform has permitted a bind to a local port.

Application Information:
	Process ID:		704
	Application Name:	\device\harddiskvolume2\windows\system32\lsass.exe

Network Information:
	Source Address:		0.0.0.0
	Source Port:		62815
	Protocol:		17

Filter Information:
	Filter Run-Time ID:	0
	Layer Name:		Resource Assignment
	Layer Run-Time ID:	36"
,5156,,Security,,,,,,,,,,,,"The Windows Filtering Platform has permitted a connection.

Application Information:
	Process ID:		704
	Application Name:	\device\harddiskvolume2\windows\system32\lsass.exe

Network Information:
	Direction:		Outbound
	Source Address:		172.18.38.5
	Source Port:		62815
	Destination Address:	172.18.38.5
	Destination Port:		53
	Protocol:		17

Filter Information:
	Filter Run-Time ID:	65854
	Layer Name:		Connect
	Layer Run-Time ID:	48"
,5156,,Security,,,,,,,,,,,,"The Windows Filtering Platform has permitted a connection.

Application Information:
	Process ID:		3616
	Application Name:	\device\harddiskvolume2\windows\system32\dns.exe

Network Information:
	Direction:		Inbound
	Source Address:		172.18.38.5
	Source Port:		62815
	Destination Address:	172.18.38.5
	Destination Port:		53
	Protocol:		17

Filter Information:
	Filter Run-Time ID:	65852
	Layer Name:		Receive/Accept
	Layer Run-Time ID:	44"
,5158,,Security,,,,,,,,,,,,"The Windows Filtering Platform has permitted a bind to a local port.

Application Information:
	Process ID:		704
	Application Name:	\device\harddiskvolume2\windows\system32\lsass.exe

Network Information:
	Source Address:		::
	Source Port:		61469
	Protocol:		17

Filter Information:
	Filter Run-Time ID:	0
	Layer Name:		Resource Assignment
	Layer Run-Time ID:	36"
,5158,,Security,,,,,,,,,,,,"The Windows Filtering Platform has permitted a bind to a local port.

Application Information:
	Process ID:		704
	Application Name:	\device\harddiskvolume2\windows\system32\lsass.exe

Network Information:
	Source Address:		::
	Source Port:		58533
	Protocol:		17

Filter Information:
	Filter Run-Time ID:	0
	Layer Name:		Resource Assignment
	Layer Run-Time ID:	36"
,5158,,Security,,,,,,,,,,,,"The Windows Filtering Platform has permitted a bind to a local port.

Application Information:
	Process ID:		1648
	Application Name:	\device\harddiskvolume2\windows\system32\windowspowershell\v1.0\powershell.exe

Network Information:
	Source Address:		0.0.0.0
	Source Port:		65392
	Protocol:		6

Filter Information:
	Filter Run-Time ID:	0
	Layer Name:		Resource Assignment
	Layer Run-Time ID:	36"
,5156,,Security,,,,,,,,,,,,"The Windows Filtering Platform has permitted a connection.

Application Information:
	Process ID:		3548
	Application Name:	\device\harddiskvolume2\packages\plugins\microsoft.azure.networkwatcher.networkwatcheragentwindows\1.4.1587.1\networkwatcheragent\networkwatcheragent.exe

Network Information:
	Direction:		Outbound
	Source Address:		172.18.39.6
	Source Port:		50110
	Destination Address:	169.254.169.254
	Destination Port:		80
	Protocol:		6

Filter Information:
	Filter Run-Time ID:	69426
	Layer Name:		Connect
	Layer Run-Time ID:	48"
,5156,,Security,,,,,,,,,,,,"The Windows Filtering Platform has permitted a connection.

Application Information:
	Process ID:		1648
	Application Name:	\device\harddiskvolume2\windows\system32\windowspowershell\v1.0\powershell.exe

Network Information:
	Direction:		Outbound
	Source Address:		172.18.39.5
	Source Port:		65388
	Destination Address:	10.10.10.5
	Destination Port:		80
	Protocol:		6

Filter Information:
	Filter Run-Time ID:	69420
	Layer Name:		Connect
	Layer Run-Time ID:	48"
,5156,,Security,,,,,,,,,,,,"The Windows Filtering Platform has permitted a connection.

Application Information:
	Process ID:		3472
	Application Name:	\device\harddiskvolume2\packages\plugins\microsoft.azure.networkwatcher.networkwatcheragentwindows\1.4.1587.1\networkwatcheragent\networkwatcheragent.exe

Network Information:
	Direction:		Outbound
	Source Address:		172.18.39.5
	Source Port:		52810
	Destination Address:	169.254.169.254
	Destination Port:		80
	Protocol:		6

Filter Information:
	Filter Run-Time ID:	69424
	Layer Name:		Connect
	Layer Run-Time ID:	48"
,5156,,Security,,,,,,,,,,,,"The Windows Filtering Platform has permitted a connection.

Application Information:
	Process ID:		3472
	Application Name:	\device\harddiskvolume2\packages\plugins\microsoft.azure.networkwatcher.networkwatcheragentwindows\1.4.1587.1\networkwatcheragent\networkwatcheragent.exe

Network Information:
	Direction:		Outbound
	Source Address:		172.18.39.5
	Source Port:		52810
	Destination Address:	169.254.169.254
	Destination Port:		80
	Protocol:		6

Filter Information:
	Filter Run-Time ID:	69424
	Layer Name:		Connect
	Layer Run-Time ID:	48"
,5158,,Security,,,,,,,,,,,,"The Windows Filtering Platform has permitted a bind to a local port.

Application Information:
	Process ID:		1648
	Application Name:	\device\harddiskvolume2\windows\system32\windowspowershell\v1.0\powershell.exe

Network Information:
	Source Address:		0.0.0.0
	Source Port:		65389
	Protocol:		6

Filter Information:
	Filter Run-Time ID:	0
	Layer Name:		Resource Assignment
	Layer Run-Time ID:	36"
,5156,,Security,,,,,,,,,,,,"The Windows Filtering Platform has permitted a connection.

Application Information:
	Process ID:		1648
	Application Name:	\device\harddiskvolume2\windows\system32\windowspowershell\v1.0\powershell.exe

Network Information:
	Direction:		Outbound
	Source Address:		172.18.39.5
	Source Port:		65389
	Destination Address:	10.10.10.5
	Destination Port:		80
	Protocol:		6

Filter Information:
	Filter Run-Time ID:	69420
	Layer Name:		Connect
	Layer Run-Time ID:	48"
,5156,,Security,,,,,,,,,,,,"The Windows Filtering Platform has permitted a connection.

Application Information:
	Process ID:		3548
	Application Name:	\device\harddiskvolume2\packages\plugins\microsoft.azure.networkwatcher.networkwatcheragentwindows\1.4.1587.1\networkwatcheragent\networkwatcheragent.exe

Network Information:
	Direction:		Outbound
	Source Address:		172.18.39.6
	Source Port:		50110
	Destination Address:	169.254.169.254
	Destination Port:		80
	Protocol:		6

Filter Information:
	Filter Run-Time ID:	69426
	Layer Name:		Connect
	Layer Run-Time ID:	48"
,5156,,Security,,,,,,,,,,,,"The Windows Filtering Platform has permitted a connection.

Application Information:
	Process ID:		3548
	Application Name:	\device\harddiskvolume2\packages\plugins\microsoft.azure.networkwatcher.networkwatcheragentwindows\1.4.1587.1\networkwatcheragent\networkwatcheragent.exe

Network Information:
	Direction:		Outbound
	Source Address:		172.18.39.6
	Source Port:		50110
	Destination Address:	169.254.169.254
	Destination Port:		80
	Protocol:		6

Filter Information:
	Filter Run-Time ID:	69426
	Layer Name:		Connect
	Layer Run-Time ID:	48"
,4673,,Security,,,,LOCAL SERVICE,NT AUTHORITY,0x3E5,,,SeProfileSingleProcessPrivilege,,,"A privileged service was called.

Subject:
	Security ID:		S-1-5-19
	Account Name:		LOCAL SERVICE
	Account Domain:		NT AUTHORITY
	Logon ID:		0x3E5

Service:
	Server:	Security
	Service Name:	-

Process:
	Process ID:	0xc44
	Process Name:	C:\Windows\System32\svchost.exe

Service Request Information:
	Privileges:		SeProfileSingleProcessPrivilege"
,5156,,Security,,,,,,,,,,,,"The Windows Filtering Platform has permitted a connection.

Application Information:
	Process ID:		3548
	Application Name:	\device\harddiskvolume2\packages\plugins\microsoft.azure.networkwatcher.networkwatcheragentwindows\1.4.1587.1\networkwatcheragent\networkwatcheragent.exe

Network Information:
	Direction:		Outbound
	Source Address:		172.18.39.6
	Source Port:		50110
	Destination Address:	169.254.169.254
	Destination Port:		80
	Protocol:		6

Filter Information:
	Filter Run-Time ID:	69426
	Layer Name:		Connect
	Layer Run-Time ID:	48"
,5158,,Security,,,,,,,,,,,,"The Windows Filtering Platform has permitted a bind to a local port.

Application Information:
	Process ID:		1648
	Application Name:	\device\harddiskvolume2\windows\system32\windowspowershell\v1.0\powershell.exe

Network Information:
	Source Address:		0.0.0.0
	Source Port:		65390
	Protocol:		6

Filter Information:
	Filter Run-Time ID:	0
	Layer Name:		Resource Assignment
	Layer Run-Time ID:	36"
,5158,,Security,,,,,,,,,,,,"The Windows Filtering Platform has permitted a bind to a local port.

Application Information:
	Process ID:		3292
	Application Name:	\device\harddiskvolume2\windowsazure\packages\guestagent\windowsazureguestagent.exe

Network Information:
	Source Address:		0.0.0.0
	Source Port:		65391
	Protocol:		6

Filter Information:
	Filter Run-Time ID:	0
	Layer Name:		Resource Assignment
	Layer Run-Time ID:	36"
,5156,,Security,,,,,,,,,,,,"The Windows Filtering Platform has permitted a connection.

Application Information:
	Process ID:		3292
	Application Name:	\device\harddiskvolume2\windowsazure\packages\guestagent\windowsazureguestagent.exe

Network Information:
	Direction:		Outbound
	Source Address:		172.18.39.5
	Source Port:		65391
	Destination Address:	169.254.169.254
	Destination Port:		80
	Protocol:		6

Filter Information:
	Filter Run-Time ID:	69420
	Layer Name:		Connect
	Layer Run-Time ID:	48"
,5156,,Security,,,,,,,,,,,,"The Windows Filtering Platform has permitted a connection.

Application Information:
	Process ID:		3472
	Application Name:	\device\harddiskvolume2\packages\plugins\microsoft.azure.networkwatcher.networkwatcheragentwindows\1.4.1587.1\networkwatcheragent\networkwatcheragent.exe

Network Information:
	Direction:		Outbound
	Source Address:		172.18.39.5
	Source Port:		52810
	Destination Address:	169.254.169.254
	Destination Port:		80
	Protocol:		6

Filter Information:
	Filter Run-Time ID:	69424
	Layer Name:		Connect
	Layer Run-Time ID:	48"
,5156,,Security,,,,,,,,,,,,"The Windows Filtering Platform has permitted a connection.

Application Information:
	Process ID:		3472
	Application Name:	\device\harddiskvolume2\packages\plugins\microsoft.azure.networkwatcher.networkwatcheragentwindows\1.4.1587.1\networkwatcheragent\networkwatcheragent.exe

Network Information:
	Direction:		Outbound
	Source Address:		172.18.39.5
	Source Port:		52810
	Destination Address:	169.254.169.254
	Destination Port:		80
	Protocol:		6

Filter Information:
	Filter Run-Time ID:	69424
	Layer Name:		Connect
	Layer Run-Time ID:	48"
,4689,,Security,,,,MORDORDC$,THESHIRE,0x3E7,,,,,,"A process has exited.

Subject:
	Security ID:		S-1-5-18
	Account Name:		MORDORDC$
	Account Domain:		THESHIRE
	Logon ID:		0x3E7

Process Information:
	Process ID:	0x1630
	Process Name:	C:\Windows\System32\wbem\WmiPrvSE.exe
	Exit Status:	0x0"
,4689,,Security,,,,MORDORDC$,THESHIRE,0x3E7,,,,,,"A process has exited.

Subject:
	Security ID:		S-1-5-18
	Account Name:		MORDORDC$
	Account Domain:		THESHIRE
	Logon ID:		0x3E7

Process Information:
	Process ID:	0x1bc4
	Process Name:	C:\Windows\System32\wbem\WmiPrvSE.exe
	Exit Status:	0x0"
,4658,,Security,,,,MORDORDC$,THESHIRE,0x3E7,,,,,,"The handle to an object was closed.

Subject :
	Security ID:		S-1-5-18
	Account Name:		MORDORDC$
	Account Domain:		THESHIRE
	Logon ID:		0x3E7

Object:
	Object Server:		Security
	Handle ID:		0x3ac

Process Information:
	Process ID:		0x1630
	Process Name:		C:\Windows\System32\wbem\WmiPrvSE.exe"
,4689,,Security,,,,MORDORDC$,THESHIRE,0x3E4,,,,,,"A process has exited.

Subject:
	Security ID:		S-1-5-20
	Account Name:		MORDORDC$
	Account Domain:		THESHIRE
	Logon ID:		0x3E4

Process Information:
	Process ID:	0x7fc
	Process Name:	C:\Windows\System32\wbem\WmiPrvSE.exe
	Exit Status:	0x0"
,5156,,Security,,,,,,,,,,,,"The Windows Filtering Platform has permitted a connection.

Application Information:
	Process ID:		1648
	Application Name:	\device\harddiskvolume2\windows\system32\windowspowershell\v1.0\powershell.exe

Network Information:
	Direction:		Outbound
	Source Address:		172.18.39.5
	Source Port:		65390
	Destination Address:	10.10.10.5
	Destination Port:		80
	Protocol:		6

Filter Information:
	Filter Run-Time ID:	69420
	Layer Name:		Connect
	Layer Run-Time ID:	48"
,5158,,Security,,,,,,,,,,,,"The Windows Filtering Platform has permitted a bind to a local port.

Application Information:
	Process ID:		704
	Application Name:	\device\harddiskvolume2\windows\system32\lsass.exe

Network Information:
	Source Address:		0.0.0.0
	Source Port:		53220
	Protocol:		17

Filter Information:
	Filter Run-Time ID:	0
	Layer Name:		Resource Assignment
	Layer Run-Time ID:	36"
,5158,,Security,,,,,,,,,,,,"The Windows Filtering Platform has permitted a bind to a local port.

Application Information:
	Process ID:		704
	Application Name:	\device\harddiskvolume2\windows\system32\lsass.exe

Network Information:
	Source Address:		::
	Source Port:		58533
	Protocol:		17

Filter Information:
	Filter Run-Time ID:	0
	Layer Name:		Resource Assignment
	Layer Run-Time ID:	38"
,5156,,Security,,,,,,,,,,,,"The Windows Filtering Platform has permitted a connection.

Application Information:
	Process ID:		3616
	Application Name:	\device\harddiskvolume2\windows\system32\dns.exe

Network Information:
	Direction:		Inbound
	Source Address:		::1
	Source Port:		58533
	Destination Address:	::1
	Destination Port:		53
	Protocol:		17

Filter Information:
	Filter Run-Time ID:	65851
	Layer Name:		Receive/Accept
	Layer Run-Time ID:	46"
,5158,,Security,,,,,,,,,,,,"The Windows Filtering Platform has permitted a bind to a local port.

Application Information:
	Process ID:		704
	Application Name:	\device\harddiskvolume2\windows\system32\lsass.exe

Network Information:
	Source Address:		::
	Source Port:		51907
	Protocol:		17

Filter Information:
	Filter Run-Time ID:	0
	Layer Name:		Resource Assignment
	Layer Run-Time ID:	36"
,5158,,Security,,,,,,,,,,,,"The Windows Filtering Platform has permitted a bind to a local port.

Application Information:
	Process ID:		704
	Application Name:	\device\harddiskvolume2\windows\system32\lsass.exe

Network Information:
	Source Address:		::
	Source Port:		51907
	Protocol:		17

Filter Information:
	Filter Run-Time ID:	0
	Layer Name:		Resource Assignment
	Layer Run-Time ID:	38"
,5156,,Security,,,,,,,,,,,,"The Windows Filtering Platform has permitted a connection.

Application Information:
	Process ID:		704
	Application Name:	\device\harddiskvolume2\windows\system32\lsass.exe

Network Information:
	Direction:		Outbound
	Source Address:		::1
	Source Port:		51907
	Destination Address:	::1
	Destination Port:		53
	Protocol:		17

Filter Information:
	Filter Run-Time ID:	65853
	Layer Name:		Connect
	Layer Run-Time ID:	50"
,5156,,Security,,,,,,,,,,,,"The Windows Filtering Platform has permitted a connection.

Application Information:
	Process ID:		3616
	Application Name:	\device\harddiskvolume2\windows\system32\dns.exe

Network Information:
	Direction:		Inbound
	Source Address:		::1
	Source Port:		51907
	Destination Address:	::1
	Destination Port:		53
	Protocol:		17

Filter Information:
	Filter Run-Time ID:	65851
	Layer Name:		Receive/Accept
	Layer Run-Time ID:	46"
,5158,,Security,,,,,,,,,,,,"The Windows Filtering Platform has permitted a bind to a local port.

Application Information:
	Process ID:		704
	Application Name:	\device\harddiskvolume2\windows\system32\lsass.exe

Network Information:
	Source Address:		::
	Source Port:		59286
	Protocol:		17

Filter Information:
	Filter Run-Time ID:	0
	Layer Name:		Resource Assignment
	Layer Run-Time ID:	38"
,5158,,Security,,,,,,,,,,,,"The Windows Filtering Platform has permitted a bind to a local port.

Application Information:
	Process ID:		704
	Application Name:	\device\harddiskvolume2\windows\system32\lsass.exe

Network Information:
	Source Address:		0.0.0.0
	Source Port:		57425
	Protocol:		17

Filter Information:
	Filter Run-Time ID:	0
	Layer Name:		Resource Assignment
	Layer Run-Time ID:	36"
,5158,,Security,,,,,,,,,,,,"The Windows Filtering Platform has permitted a bind to a local port.

Application Information:
	Process ID:		704
	Application Name:	\device\harddiskvolume2\windows\system32\lsass.exe

Network Information:
	Source Address:		0.0.0.0
	Source Port:		56737
	Protocol:		17

Filter Information:
	Filter Run-Time ID:	0
	Layer Name:		Resource Assignment
	Layer Run-Time ID:	36"
,5156,,Security,,,,,,,,,,,,"The Windows Filtering Platform has permitted a connection.

Application Information:
	Process ID:		704
	Application Name:	\device\harddiskvolume2\windows\system32\lsass.exe

Network Information:
	Direction:		Outbound
	Source Address:		172.18.38.5
	Source Port:		56737
	Destination Address:	172.18.38.5
	Destination Port:		53
	Protocol:		17

Filter Information:
	Filter Run-Time ID:	65854
	Layer Name:		Connect
	Layer Run-Time ID:	48"
,5156,,Security,,,,,,,,,,,,"The Windows Filtering Platform has permitted a connection.

Application Information:
	Process ID:		704
	Application Name:	\device\harddiskvolume2\windows\system32\lsass.exe

Network Information:
	Direction:		Outbound
	Source Address:		172.18.38.5
	Source Port:		51907
	Destination Address:	172.18.38.5
	Destination Port:		53
	Protocol:		17

Filter Information:
	Filter Run-Time ID:	65854
	Layer Name:		Connect
	Layer Run-Time ID:	48"
,5156,,Security,,,,,,,,,,,,"The Windows Filtering Platform has permitted a connection.

Application Information:
	Process ID:		3616
	Application Name:	\device\harddiskvolume2\windows\system32\dns.exe

Network Information:
	Direction:		Inbound
	Source Address:		172.18.38.5
	Source Port:		56737
	Destination Address:	172.18.38.5
	Destination Port:		53
	Protocol:		17

Filter Information:
	Filter Run-Time ID:	65852
	Layer Name:		Receive/Accept
	Layer Run-Time ID:	44"
,5158,,Security,,,,,,,,,,,,"The Windows Filtering Platform has permitted a bind to a local port.

Application Information:
	Process ID:		704
	Application Name:	\device\harddiskvolume2\windows\system32\lsass.exe

Network Information:
	Source Address:		::
	Source Port:		58322
	Protocol:		17

Filter Information:
	Filter Run-Time ID:	0
	Layer Name:		Resource Assignment
	Layer Run-Time ID:	38"
,5156,,Security,,,,,,,,,,,,"The Windows Filtering Platform has permitted a connection.

Application Information:
	Process ID:		704
	Application Name:	\device\harddiskvolume2\windows\system32\lsass.exe

Network Information:
	Direction:		Outbound
	Source Address:		::1
	Source Port:		58322
	Destination Address:	::1
	Destination Port:		53
	Protocol:		17

Filter Information:
	Filter Run-Time ID:	65853
	Layer Name:		Connect
	Layer Run-Time ID:	50"
,5156,,Security,,,,,,,,,,,,"The Windows Filtering Platform has permitted a connection.

Application Information:
	Process ID:		3616
	Application Name:	\device\harddiskvolume2\windows\system32\dns.exe

Network Information:
	Direction:		Inbound
	Source Address:		::1
	Source Port:		58322
	Destination Address:	::1
	Destination Port:		53
	Protocol:		17

Filter Information:
	Filter Run-Time ID:	65851
	Layer Name:		Receive/Accept
	Layer Run-Time ID:	46"
,5158,,Security,,,,,,,,,,,,"The Windows Filtering Platform has permitted a bind to a local port.

Application Information:
	Process ID:		704
	Application Name:	\device\harddiskvolume2\windows\system32\lsass.exe

Network Information:
	Source Address:		::
	Source Port:		58727
	Protocol:		17

Filter Information:
	Filter Run-Time ID:	0
	Layer Name:		Resource Assignment
	Layer Run-Time ID:	36"
,5158,,Security,,,,,,,,,,,,"The Windows Filtering Platform has permitted a bind to a local port.

Application Information:
	Process ID:		704
	Application Name:	\device\harddiskvolume2\windows\system32\lsass.exe

Network Information:
	Source Address:		::
	Source Port:		58727
	Protocol:		17

Filter Information:
	Filter Run-Time ID:	0
	Layer Name:		Resource Assignment
	Layer Run-Time ID:	38"
,5156,,Security,,,,,,,,,,,,"The Windows Filtering Platform has permitted a connection.

Application Information:
	Process ID:		704
	Application Name:	\device\harddiskvolume2\windows\system32\lsass.exe

Network Information:
	Direction:		Outbound
	Source Address:		::1
	Source Port:		58727
	Destination Address:	::1
	Destination Port:		53
	Protocol:		17

Filter Information:
	Filter Run-Time ID:	65853
	Layer Name:		Connect
	Layer Run-Time ID:	50"
,5156,,Security,,,,,,,,,,,,"The Windows Filtering Platform has permitted a connection.

Application Information:
	Process ID:		3616
	Application Name:	\device\harddiskvolume2\windows\system32\dns.exe

Network Information:
	Direction:		Inbound
	Source Address:		::1
	Source Port:		58727
	Destination Address:	::1
	Destination Port:		53
	Protocol:		17

Filter Information:
	Filter Run-Time ID:	65851
	Layer Name:		Receive/Accept
	Layer Run-Time ID:	46"
,5158,,Security,,,,,,,,,,,,"The Windows Filtering Platform has permitted a bind to a local port.

Application Information:
	Process ID:		704
	Application Name:	\device\harddiskvolume2\windows\system32\lsass.exe

Network Information:
	Source Address:		::
	Source Port:		65535
	Protocol:		17

Filter Information:
	Filter Run-Time ID:	0
	Layer Name:		Resource Assignment
	Layer Run-Time ID:	38"
,5158,,Security,,,,,,,,,,,,"The Windows Filtering Platform has permitted a bind to a local port.

Application Information:
	Process ID:		704
	Application Name:	\device\harddiskvolume2\windows\system32\lsass.exe

Network Information:
	Source Address:		::
	Source Port:		58322
	Protocol:		17

Filter Information:
	Filter Run-Time ID:	0
	Layer Name:		Resource Assignment
	Layer Run-Time ID:	36"
,5156,,Security,,,,,,,,,,,,"The Windows Filtering Platform has permitted a connection.

Application Information:
	Process ID:		704
	Application Name:	\device\harddiskvolume2\windows\system32\lsass.exe

Network Information:
	Direction:		Outbound
	Source Address:		::1
	Source Port:		58533
	Destination Address:	::1
	Destination Port:		53
	Protocol:		17

Filter Information:
	Filter Run-Time ID:	65853
	Layer Name:		Connect
	Layer Run-Time ID:	50"
,5158,,Security,,,,,,,,,,,,"The Windows Filtering Platform has permitted a bind to a local port.

Application Information:
	Process ID:		704
	Application Name:	\device\harddiskvolume2\windows\system32\lsass.exe

Network Information:
	Source Address:		0.0.0.0
	Source Port:		51907
	Protocol:		17

Filter Information:
	Filter Run-Time ID:	0
	Layer Name:		Resource Assignment
	Layer Run-Time ID:	36"
,5158,,Security,,,,,,,,,,,,"The Windows Filtering Platform has permitted a bind to a local port.

Application Information:
	Process ID:		704
	Application Name:	\device\harddiskvolume2\windows\system32\lsass.exe

Network Information:
	Source Address:		::
	Source Port:		56341
	Protocol:		17

Filter Information:
	Filter Run-Time ID:	0
	Layer Name:		Resource Assignment
	Layer Run-Time ID:	38"
,5158,,Security,,,,,,,,,,,,"The Windows Filtering Platform has permitted a bind to a local port.

Application Information:
	Process ID:		704
	Application Name:	\device\harddiskvolume2\windows\system32\lsass.exe

Network Information:
	Source Address:		::
	Source Port:		51907
	Protocol:		17

Filter Information:
	Filter Run-Time ID:	0
	Layer Name:		Resource Assignment
	Layer Run-Time ID:	38"
,5158,,Security,,,,,,,,,,,,"The Windows Filtering Platform has permitted a bind to a local port.

Application Information:
	Process ID:		704
	Application Name:	\device\harddiskvolume2\windows\system32\lsass.exe

Network Information:
	Source Address:		0.0.0.0
	Source Port:		58329
	Protocol:		17

Filter Information:
	Filter Run-Time ID:	0
	Layer Name:		Resource Assignment
	Layer Run-Time ID:	36"
,5158,,Security,,,,,,,,,,,,"The Windows Filtering Platform has permitted a bind to a local port.

Application Information:
	Process ID:		704
	Application Name:	\device\harddiskvolume2\windows\system32\lsass.exe

Network Information:
	Source Address:		0.0.0.0
	Source Port:		51907
	Protocol:		17

Filter Information:
	Filter Run-Time ID:	0
	Layer Name:		Resource Assignment
	Layer Run-Time ID:	36"
,5156,,Security,,,,,,,,,,,,"The Windows Filtering Platform has permitted a connection.

Application Information:
	Process ID:		704
	Application Name:	\device\harddiskvolume2\windows\system32\lsass.exe

Network Information:
	Direction:		Outbound
	Source Address:		172.18.38.5
	Source Port:		51907
	Destination Address:	172.18.38.5
	Destination Port:		53
	Protocol:		17

Filter Information:
	Filter Run-Time ID:	65854
	Layer Name:		Connect
	Layer Run-Time ID:	48"
,5156,,Security,,,,,,,,,,,,"The Windows Filtering Platform has permitted a connection.

Application Information:
	Process ID:		3616
	Application Name:	\device\harddiskvolume2\windows\system32\dns.exe

Network Information:
	Direction:		Inbound
	Source Address:		172.18.38.5
	Source Port:		51907
	Destination Address:	172.18.38.5
	Destination Port:		53
	Protocol:		17

Filter Information:
	Filter Run-Time ID:	65852
	Layer Name:		Receive/Accept
	Layer Run-Time ID:	44"
,5158,,Security,,,,,,,,,,,,"The Windows Filtering Platform has permitted a bind to a local port.

Application Information:
	Process ID:		704
	Application Name:	\device\harddiskvolume2\windows\system32\lsass.exe

Network Information:
	Source Address:		::
	Source Port:		65535
	Protocol:		17

Filter Information:
	Filter Run-Time ID:	0
	Layer Name:		Resource Assignment
	Layer Run-Time ID:	36"
,5158,,Security,,,,,,,,,,,,"The Windows Filtering Platform has permitted a bind to a local port.

Application Information:
	Process ID:		704
	Application Name:	\device\harddiskvolume2\windows\system32\lsass.exe

Network Information:
	Source Address:		::
	Source Port:		65535
	Protocol:		17

Filter Information:
	Filter Run-Time ID:	0
	Layer Name:		Resource Assignment
	Layer Run-Time ID:	38"
,5156,,Security,,,,,,,,,,,,"The Windows Filtering Platform has permitted a connection.

Application Information:
	Process ID:		704
	Application Name:	\device\harddiskvolume2\windows\system32\lsass.exe

Network Information:
	Direction:		Outbound
	Source Address:		::1
	Source Port:		65535
	Destination Address:	::1
	Destination Port:		53
	Protocol:		17

Filter Information:
	Filter Run-Time ID:	65853
	Layer Name:		Connect
	Layer Run-Time ID:	50"
,5158,,Security,,,,,,,,,,,,"The Windows Filtering Platform has permitted a bind to a local port.

Application Information:
	Process ID:		704
	Application Name:	\device\harddiskvolume2\windows\system32\lsass.exe

Network Information:
	Source Address:		0.0.0.0
	Source Port:		56549
	Protocol:		17

Filter Information:
	Filter Run-Time ID:	0
	Layer Name:		Resource Assignment
	Layer Run-Time ID:	36"
,5156,,Security,,,,,,,,,,,,"The Windows Filtering Platform has permitted a connection.

Application Information:
	Process ID:		3616
	Application Name:	\device\harddiskvolume2\windows\system32\dns.exe

Network Information:
	Direction:		Inbound
	Source Address:		::1
	Source Port:		65535
	Destination Address:	::1
	Destination Port:		53
	Protocol:		17

Filter Information:
	Filter Run-Time ID:	65851
	Layer Name:		Receive/Accept
	Layer Run-Time ID:	46"
,5158,,Security,,,,,,,,,,,,"The Windows Filtering Platform has permitted a bind to a local port.

Application Information:
	Process ID:		704
	Application Name:	\device\harddiskvolume2\windows\system32\lsass.exe

Network Information:
	Source Address:		0.0.0.0
	Source Port:		65535
	Protocol:		17

Filter Information:
	Filter Run-Time ID:	0
	Layer Name:		Resource Assignment
	Layer Run-Time ID:	36"
,5158,,Security,,,,,,,,,,,,"The Windows Filtering Platform has permitted a bind to a local port.

Application Information:
	Process ID:		704
	Application Name:	\device\harddiskvolume2\windows\system32\lsass.exe

Network Information:
	Source Address:		0.0.0.0
	Source Port:		59040
	Protocol:		17

Filter Information:
	Filter Run-Time ID:	0
	Layer Name:		Resource Assignment
	Layer Run-Time ID:	36"
,5156,,Security,,,,,,,,,,,,"The Windows Filtering Platform has permitted a connection.

Application Information:
	Process ID:		704
	Application Name:	\device\harddiskvolume2\windows\system32\lsass.exe

Network Information:
	Direction:		Outbound
	Source Address:		172.18.38.5
	Source Port:		59040
	Destination Address:	172.18.38.5
	Destination Port:		53
	Protocol:		17

Filter Information:
	Filter Run-Time ID:	65854
	Layer Name:		Connect
	Layer Run-Time ID:	48"
,5156,,Security,,,,,,,,,,,,"The Windows Filtering Platform has permitted a connection.

Application Information:
	Process ID:		3616
	Application Name:	\device\harddiskvolume2\windows\system32\dns.exe

Network Information:
	Direction:		Inbound
	Source Address:		172.18.38.5
	Source Port:		59040
	Destination Address:	172.18.38.5
	Destination Port:		53
	Protocol:		17

Filter Information:
	Filter Run-Time ID:	65852
	Layer Name:		Receive/Accept
	Layer Run-Time ID:	44"
,5158,,Security,,,,,,,,,,,,"The Windows Filtering Platform has permitted a bind to a local port.

Application Information:
	Process ID:		704
	Application Name:	\device\harddiskvolume2\windows\system32\lsass.exe

Network Information:
	Source Address:		::
	Source Port:		58564
	Protocol:		17

Filter Information:
	Filter Run-Time ID:	0
	Layer Name:		Resource Assignment
	Layer Run-Time ID:	36"
,5158,,Security,,,,,,,,,,,,"The Windows Filtering Platform has permitted a bind to a local port.

Application Information:
	Process ID:		704
	Application Name:	\device\harddiskvolume2\windows\system32\lsass.exe

Network Information:
	Source Address:		::
	Source Port:		58564
	Protocol:		17

Filter Information:
	Filter Run-Time ID:	0
	Layer Name:		Resource Assignment
	Layer Run-Time ID:	38"
,5156,,Security,,,,,,,,,,,,"The Windows Filtering Platform has permitted a connection.

Application Information:
	Process ID:		704
	Application Name:	\device\harddiskvolume2\windows\system32\lsass.exe

Network Information:
	Direction:		Outbound
	Source Address:		::1
	Source Port:		58564
	Destination Address:	::1
	Destination Port:		53
	Protocol:		17

Filter Information:
	Filter Run-Time ID:	65853
	Layer Name:		Connect
	Layer Run-Time ID:	50"
,5156,,Security,,,,,,,,,,,,"The Windows Filtering Platform has permitted a connection.

Application Information:
	Process ID:		3616
	Application Name:	\device\harddiskvolume2\windows\system32\dns.exe

Network Information:
	Direction:		Inbound
	Source Address:		::1
	Source Port:		58564
	Destination Address:	::1
	Destination Port:		53
	Protocol:		17

Filter Information:
	Filter Run-Time ID:	65851
	Layer Name:		Receive/Accept
	Layer Run-Time ID:	46"
,5158,,Security,,,,,,,,,,,,"The Windows Filtering Platform has permitted a bind to a local port.

Application Information:
	Process ID:		704
	Application Name:	\device\harddiskvolume2\windows\system32\lsass.exe

Network Information:
	Source Address:		::
	Source Port:		62670
	Protocol:		17

Filter Information:
	Filter Run-Time ID:	0
	Layer Name:		Resource Assignment
	Layer Run-Time ID:	38"
,5156,,Security,,,,,,,,,,,,"The Windows Filtering Platform has permitted a connection.

Application Information:
	Process ID:		1648
	Application Name:	\device\harddiskvolume2\windows\system32\windowspowershell\v1.0\powershell.exe

Network Information:
	Direction:		Outbound
	Source Address:		172.18.39.5
	Source Port:		65419
	Destination Address:	10.10.10.5
	Destination Port:		80
	Protocol:		6

Filter Information:
	Filter Run-Time ID:	69420
	Layer Name:		Connect
	Layer Run-Time ID:	48"
